timestamp,voltage_v,voltage_filtered_v,current_a,current_filtered_a,average_current_a,discharged_mah,remaining,scale,temperature,cell_count,capacity,cycle_count,run_time_to_empty,average_time_to_empty,serial_number,connected,system_source,priority,is_powering_off,warning
4384783597,25.0845,25.077183,0.062,0.06531656,0.0,79.34801,1.0,1.0,0.0,6,0,0,0,0,0,1,1,0,0,0
4385289345,24.963318,25.067646,0.0744,0.06615257,0.0,79.35739,1.0,1.0,0.0,6,0,0,0,0,0,1,1,0,0,0
4385794815,23.892883,24.921705,0.062,0.06486522,0.0,79.3664,1.0,1.0,0.0,6,0,0,0,0,0,1,1,0,0,0
4386300588,24.478592,24.767445,0.062,0.063077375,0.0,79.37516,1.0,1.0,0.0,6,0,0,0,0,0,1,1,0,0,0
4386806137,24.478592,24.67587,0.062,0.064404115,0.0,79.38435,1.0,1.0,0.0,6,0,0,0,0,0,1,1,0,0,0
4387299556,24.498789,24.617395,0.062,0.06495142,0.0,79.39329,1.0,1.0,0.0,6,0,0,0,0,0,1,1,0,0,0
4387805229,24.458397,24.566023,0.0744,0.062714525,0.0,79.40187,1.0,1.0,0.0,6,0,0,0,0,0,1,1,0,0,0
4388310748,24.498789,24.538462,0.049599998,0.061310988,0.0,79.41038,1.0,1.0,0.0,6,0,0,0,0,0,1,1,0,0,0
4388804354,24.478592,24.522238,0.062,0.062826276,0.0,79.4192,1.0,1.0,0.0,6,0,0,0,0,0,1,1,0,0,0
4389309861,24.478592,24.514065,0.062,0.064213715,0.0,79.42834,1.0,1.0,0.0,6,0,0,0,0,0,1,1,0,0,0
4389815782,24.4382,24.493961,0.062,0.06331313,0.0,79.43708,1.0,1.0,0.0,6,0,0,0,0,0,1,1,0,0,0
4390309120,24.478592,24.477985,0.062,0.064494796,0.0,79.44597,1.0,1.0,0.0,6,0,0,0,0,0,1,1,0,0,0
4390814688,24.418003,24.453053,0.049599998,0.06356014,0.0,79.45488,1.0,1.0,0.0,6,0,0,0,0,0,1,1,0,0,0
4391320549,24.4382,24.439663,0.062,0.06536949,0.0,79.46426,1.0,1.0,0.0,6,0,0,0,0,0,1,1,0,0,0
4391814018,24.478592,24.439028,0.062,0.06510478,0.0,79.47317,1.0,1.0,0.0,6,0,0,0,0,0,1,1,0,0,0
4392319627,24.397806,24.437073,0.062,0.06540908,0.0,79.48226,1.0,1.0,0.0,6,0,0,0,0,0,1,1,0,0,0
4392825331,24.397806,24.424582,0.0744,0.065975405,0.0,79.49168,1.0,1.0,0.0,6,0,0,0,0,0,1,1,0,0,0
4393318005,24.317019,24.399536,0.062,0.06355585,0.0,79.50017,1.0,1.0,0.0,6,0,0,0,0,0,1,1,0,0,0
4393823547,24.37761,24.377005,0.062,0.06357177,0.0,79.509056,1.0,1.0,0.0,6,0,0,0,0,0,1,1,0,0,0
4394329225,24.357412,24.372477,0.0744,0.064865135,0.0,79.5182,1.0,1.0,0.0,6,0,0,0,0,0,1,1,0,0,0
4394822762,24.397806,24.366676,0.062,0.06428862,0.0,79.526955,1.0,1.0,0.0,6,0,0,0,0,0,1,1,0,0,0
4395328378,24.37761,24.358139,0.062,0.064630546,0.0,79.53611,1.0,1.0,0.0,6,0,0,0,0,0,1,1,0,0,0
4395833975,24.317019,24.347198,0.062,0.065519094,0.0,79.54539,1.0,1.0,0.0,6,0,0,0,0,0,1,1,0,0,0
4396327721,24.296822,24.340181,0.062,0.06449748,0.0,79.55413,1.0,1.0,0.0,6,0,0,0,0,0,1,1,0,0,0
4396833231,24.17564,24.296799,0.062,0.0639859,0.0,79.56309,1.0,1.0,0.0,6,0,0,0,0,0,1,1,0,0,0
4397338779,24.216034,24.26342,0.049599998,0.061925907,0.0,79.57161,1.0,1.0,0.0,6,0,0,0,0,0,1,1,0,0,0
4397832432,24.296822,24.265858,0.062,0.063223116,0.0,79.580475,1.0,1.0,0.0,6,0,0,0,0,0,1,1,0,0,0
4398337851,24.337215,24.287033,0.062,0.06329819,0.0,79.58933,1.0,1.0,0.0,6,0,0,0,0,0,1,1,0,0,0
4398843820,24.357412,24.306005,0.062,0.06374349,0.0,79.598305,1.0,1.0,0.0,6,0,0,0,0,0,1,1,0,0,0
4399337182,24.37761,24.32353,0.062,0.06521903,0.0,79.607346,1.0,1.0,0.0,6,0,0,0,0,0,1,1,0,0,0
4399842924,24.357412,24.337322,0.062,0.06394209,0.0,79.616264,1.0,1.0,0.0,6,0,0,0,0,0,1,1,0,0,0
4400348522,24.357412,24.33997,0.0744,0.06480815,0.0,79.62545,1.0,1.0,0.0,6,0,0,0,0,0,1,1,0,0,0
4400842004,24.357412,24.344402,0.062,0.06548527,0.0,79.63442,1.0,1.0,0.0,6,0,0,0,0,0,1,1,0,0,0
4401347727,24.317019,24.336414,0.062,0.06532367,0.0,79.643524,1.0,1.0,0.0,6,0,0,0,0,0,1,1,0,0,0
4401853210,24.276625,24.324362,0.062,0.064713806,0.0,79.65256,1.0,1.0,0.0,6,0,0,0,0,0,1,1,0,0,0
4402346007,24.337215,24.325327,0.062,0.06411058,0.0,79.66126,1.0,1.0,0.0,6,0,0,0,0,0,1,1,0,0,0
4402851566,24.397806,24.341652,0.062,0.06402173,0.0,79.670265,1.0,1.0,0.0,6,0,0,0,0,0,1,1,0,0,0
4403357201,24.397806,24.35221,0.062,0.063751705,0.0,79.6792,1.0,1.0,0.0,6,0,0,0,0,0,1,1,0,0,0
4403850963,24.337215,24.355589,0.0744,0.06482849,0.0,79.68826,1.0,1.0,0.0,6,0,0,0,0,0,1,1,0,0,0
4404356383,24.337215,24.349043,0.0744,0.06551338,0.0,79.697464,1.0,1.0,0.0,6,0,0,0,0,0,1,1,0,0,0
4404862025,24.357412,24.34472,0.0744,0.06563292,0.0,79.70668,1.0,1.0,0.0,6,0,0,0,0,0,1,1,0,0,0
4405355538,24.357412,24.342712,0.062,0.064177714,0.0,79.71532,1.0,1.0,0.0,6,0,0,0,0,0,1,1,0,0,0
4405861183,24.317019,24.340874,0.062,0.06275091,0.0,79.723976,1.0,1.0,0.0,6,0,0,0,0,0,1,1,0,0,0
4406366727,24.276625,24.325748,0.062,0.06430068,0.0,79.7332,1.0,1.0,0.0,6,0,0,0,0,0,1,1,0,0,0
4406860423,24.317019,24.314608,0.062,0.06620499,0.0,79.74245,1.0,1.0,0.0,6,0,0,0,0,0,1,1,0,0,0
4407365965,24.357412,24.317335,0.062,0.06401452,0.0,79.75123,1.0,1.0,0.0,6,0,0,0,0,0,1,1,0,0,0
4407871562,24.317019,24.311815,0.049599998,0.06333294,0.0,79.76009,1.0,1.0,0.0,6,0,0,0,0,0,1,1,0,0,0
4408365191,24.317019,24.308369,0.062,0.06398291,0.0,79.76892,1.0,1.0,0.0,6,0,0,0,0,0,1,1,0,0,0
4408871000,24.317019,24.3047,0.062,0.06426652,0.0,79.778015,1.0,1.0,0.0,6,0,0,0,0,0,1,1,0,0,0
4409376285,24.317019,24.300688,0.062,0.063082255,0.0,79.7868,1.0,1.0,0.0,6,0,0,0,0,0,1,1,0,0,0
4409870014,24.296822,24.297897,0.062,0.06377437,0.0,79.79563,1.0,1.0,0.0,6,0,0,0,0,0,1,1,0,0,0
4410375770,24.317019,24.299738,0.0868,0.065003656,0.0,79.8048,1.0,1.0,0.0,6,0,0,0,0,0,1,1,0,0,0
4410881097,24.256428,24.296743,0.062,0.06518204,0.0,79.81395,1.0,1.0,0.0,6,0,0,0,0,0,1,1,0,0,0
4411374214,24.256428,24.284327,0.062,0.06404239,0.0,79.82262,1.0,1.0,0.0,6,0,0,0,0,0,1,1,0,0,0
4411879562,24.357412,24.2924,0.062,0.0646288,0.0,79.83174,1.0,1.0,0.0,6,0,0,0,0,0,1,1,0,0,0
4412385063,24.296822,24.305674,0.0744,0.063766405,0.0,79.84054,1.0,1.0,0.0,6,0,0,0,0,0,1,1,0,0,0
4412878764,24.337215,24.315401,0.062,0.06385171,0.0,79.84933,1.0,1.0,0.0,6,0,0,0,0,0,1,1,0,0,0
4413384720,24.296822,24.305202,0.062,0.063569866,0.0,79.85833,1.0,1.0,0.0,6,0,0,0,0,0,1,1,0,0,0
4413890013,24.256428,24.296026,0.0744,0.06357595,0.0,79.86726,1.0,1.0,0.0,6,0,0,0,0,0,1,1,0,0,0
4414395576,24.296822,24.294373,0.0744,0.06451403,0.0,79.876366,1.0,1.0,0.0,6,0,0,0,0,0,1,1,0,0,0
4414889050,24.23623,24.283838,0.062,0.06476069,0.0,79.88528,1.0,1.0,0.0,6,0,0,0,0,0,1,1,0,0,0
4415390737,24.256428,24.274199,0.0744,0.065136634,0.0,79.894424,1.0,1.0,0.0,6,0,0,0,0,0,1,1,0,0,0
4415896395,24.256428,24.26672,0.062,0.06478928,0.0,79.90348,1.0,1.0,0.0,6,0,0,0,0,0,1,1,0,0,0
4416401861,24.23623,24.259386,0.062,0.06494505,0.0,79.91266,1.0,1.0,0.0,6,0,0,0,0,0,1,1,0,0,0
4416895788,24.276625,24.255611,0.062,0.06387781,0.0,79.92132,1.0,1.0,0.0,6,0,0,0,0,0,1,1,0,0,0
4417409464,24.23623,24.263836,0.062,0.06463912,0.0,79.930626,1.0,1.0,0.0,6,0,0,0,0,0,1,1,0,0,0
4417902796,24.317019,24.27702,0.062,0.06421624,0.0,79.939445,1.0,1.0,0.0,6,0,0,0,0,0,1,1,0,0,0
4418408417,24.317019,24.280302,0.0744,0.06458723,0.0,79.948494,1.0,1.0,0.0,6,0,0,0,0,0,1,1,0,0,0
4418913948,24.256428,24.279936,0.062,0.064209595,0.0,79.9574,1.0,1.0,0.0,6,0,0,0,0,0,1,1,0,0,0
4419407554,24.276625,24.278368,0.0868,0.06515254,0.0,79.966354,1.0,1.0,0.0,6,0,0,0,0,0,1,1,0,0,0
4419913164,24.276625,24.275633,0.062,0.06291785,0.0,79.97513,1.0,1.0,0.0,6,0,0,0,0,0,1,1,0,0,0
4420418723,24.256428,24.269716,0.0744,0.064655885,0.0,79.984314,1.0,1.0,0.0,6,0,0,0,0,0,1,1,0,0,0
4420911715,24.216034,24.267542,0.062,0.064831644,0.0,79.99325,1.0,1.0,0.0,6,0,0,0,0,0,1,1,0,0,0
4421417314,24.256428,24.263588,0.062,0.064388774,0.0,80.002205,1.0,1.0,0.0,6,0,0,0,0,0,1,1,0,0,0
4421922794,24.276625,24.26254,0.062,0.063838765,0.0,80.01115,1.0,1.0,0.0,6,0,0,0,0,0,1,1,0,0,0
4422416335,24.216034,24.256708,0.0744,0.06336437,0.0,80.01976,1.0,1.0,0.0,6,0,0,0,0,0,1,1,0,0,0
4422921923,24.23623,24.23514,0.062,0.06385121,0.0,80.028755,1.0,1.0,0.0,6,0,0,0,0,0,1,1,0,0,0
4423427461,24.216034,24.230312,0.0744,0.0637561,0.0,80.0377,1.0,1.0,0.0,6,0,0,0,0,0,1,1,0,0,0
4423921158,24.195837,24.22118,0.062,0.0651065,0.0,80.046684,1.0,1.0,0.0,6,0,0,0,0,0,1,1,0,0,0
4424426726,24.195837,24.217817,0.062,0.06430231,0.0,80.055626,1.0,1.0,0.0,6,0,0,0,0,0,1,1,0,0,0
4424932520,24.216034,24.224878,0.062,0.0653697,0.0,80.06495,1.0,1.0,0.0,6,0,0,0,0,0,1,1,0,0,0
4425426146,24.276625,24.230236,0.049599998,0.06483269,0.0,80.073875,1.0,1.0,0.0,6,0,0,0,0,0,1,1,0,0,0
4425931615,24.155443,24.229082,0.062,0.063994594,0.0,80.082695,1.0,1.0,0.0,6,0,0,0,0,0,1,1,0,0,0
4426437210,24.23623,24.22249,0.049599998,0.06404522,0.0,80.09165,1.0,1.0,0.0,6,0,0,0,0,0,1,1,0,0,0
4426930773,24.195837,24.219824,0.062,0.06335476,0.0,80.1003,1.0,1.0,0.0,6,0,0,0,0,0,1,1,0,0,0
4427436304,24.135246,24.190351,0.062,0.06401083,0.0,80.1094,1.0,1.0,0.0,6,0,0,0,0,0,1,1,0,0,0
4427941930,24.23623,24.198875,0.062,0.063662775,0.0,80.11825,1.0,1.0,0.0,6,0,0,0,0,0,1,1,0,0,0
4428435613,24.23623,24.209963,0.0744,0.06613437,0.0,80.12751,1.0,1.0,0.0,6,0,0,0,0,0,1,1,0,0,0
4428941176,24.23623,24.218538,0.062,0.06522248,0.0,80.136604,1.0,1.0,0.0,6,0,0,0,0,0,1,1,0,0,0
4429446807,24.256428,24.236006,0.062,0.06517325,0.0,80.145706,1.0,1.0,0.0,6,0,0,0,0,0,1,1,0,0,0
4429939492,24.296822,24.238451,0.062,0.06475371,0.0,80.15449,1.0,1.0,0.0,6,0,0,0,0,0,1,1,0,0,0
4430445254,24.256428,24.243797,0.0372,0.06541323,0.0,80.163765,1.0,1.0,0.0,6,0,0,0,0,0,1,1,0,0,0
4430950719,24.256428,24.234829,0.0744,0.06419527,0.0,80.17264,1.0,1.0,0.0,6,0,0,0,0,0,1,1,0,0,0
4431444404,24.276625,24.248524,0.0744,0.0627748,0.0,80.181015,1.0,1.0,0.0,6,0,0,0,0,0,1,1,0,0,0
4431949920,24.216034,24.243937,0.062,0.063256495,0.0,80.18997,1.0,1.0,0.0,6,0,0,0,0,0,1,1,0,0,0
4432455778,24.276625,24.249979,0.062,0.063481875,0.0,80.19893,1.0,1.0,0.0,6,0,0,0,0,0,1,1,0,0,0
4432961339,24.216034,24.248816,0.0744,0.06445957,0.0,80.20808,1.0,1.0,0.0,6,0,0,0,0,0,1,1,0,0,0
4433467102,24.23623,24.241896,0.062,0.06475997,0.0,80.21719,1.0,1.0,0.0,6,0,0,0,0,0,1,1,0,0,0
4433960564,24.23623,24.238474,0.0744,0.06366268,0.0,80.22573,1.0,1.0,0.0,6,0,0,0,0,0,1,1,0,0,0
4434465941,24.256428,24.235857,0.062,0.063774,0.0,80.234665,1.0,1.0,0.0,6,0,0,0,0,0,1,1,0,0,0
4434971890,24.23623,24.234589,0.062,0.06369408,0.0,80.24351,1.0,1.0,0.0,6,0,0,0,0,0,1,1,0,0,0
4435465472,24.195837,24.230537,0.0744,0.06486048,0.0,80.25245,1.0,1.0,0.0,6,0,0,0,0,0,1,1,0,0,0
4435970741,24.195837,24.224411,0.062,0.06444558,0.0,80.26147,1.0,1.0,0.0,6,0,0,0,0,0,1,1,0,0,0
4436476637,24.216034,24.222696,0.099199995,0.063805774,0.0,80.27034,1.0,1.0,0.0,6,0,0,0,0,0,1,1,0,0,0
4436969987,24.195837,24.220833,0.062,0.062443893,0.0,80.27878,1.0,1.0,0.0,6,0,0,0,0,0,1,1,0,0,0
4437475759,24.216034,24.19323,0.062,0.06296914,0.0,80.287704,1.0,1.0,0.0,6,0,0,0,0,0,1,1,0,0,0
4437981148,24.195837,24.197313,0.0744,0.06379692,0.0,80.29671,1.0,1.0,0.0,6,0,0,0,0,0,1,1,0,0,0
4438474817,24.195837,24.199303,0.062,0.06340051,0.0,80.30526,1.0,1.0,0.0,6,0,0,0,0,0,1,1,0,0,0
4438980576,24.195837,24.206968,0.0744,0.064375915,0.0,80.31439,1.0,1.0,0.0,6,0,0,0,0,0,1,1,0,0,0
4439485983,24.155443,24.19879,0.062,0.065050885,0.0,80.32355,1.0,1.0,0.0,6,0,0,0,0,0,1,1,0,0,0
4439979552,24.17564,24.170488,0.062,0.06492019,0.0,80.33246,1.0,1.0,0.0,6,0,0,0,0,0,1,1,0,0,0
4440484345,24.216034,24.17975,0.062,0.06375331,0.0,80.34133,1.0,1.0,0.0,6,0,0,0,0,0,1,1,0,0,0
4440989932,24.195837,24.187346,0.0744,0.06369984,0.0,80.35025,1.0,1.0,0.0,6,0,0,0,0,0,1,1,0,0,0
4441483616,24.23623,24.193346,0.062,0.064164,0.0,80.359146,1.0,1.0,0.0,6,0,0,0,0,0,1,1,0,0,0
4441989206,24.155443,24.199688,0.062,0.06468607,0.0,80.368195,1.0,1.0,0.0,6,0,0,0,0,0,1,1,0,0,0
4442494785,24.17564,24.19678,0.062,0.065269016,0.0,80.377365,1.0,1.0,0.0,6,0,0,0,0,0,1,1,0,0,0
4442988395,24.216034,24.202196,0.062,0.06403918,0.0,80.38595,1.0,1.0,0.0,6,0,0,0,0,0,1,1,0,0,0
4443493880,24.195837,24.219557,0.062,0.06265323,0.0,80.39464,1.0,1.0,0.0,6,0,0,0,0,0,1,1,0,0,0
4443999598,24.155443,24.205921,0.062,0.0631354,0.0,80.40356,1.0,1.0,0.0,6,0,0,0,0,0,1,1,0,0,0
4444493197,24.23623,24.201529,0.062,0.06434916,0.0,80.41237,1.0,1.0,0.0,6,0,0,0,0,0,1,1,0,0,0
4444998817,24.216034,24.20278,0.062,0.06349306,0.0,80.42115,1.0,1.0,0.0,6,0,0,0,0,0,1,1,0,0,0
4445504305,24.195837,24.205584,0.062,0.06423856,0.0,80.43024,1.0,1.0,0.0,6,0,0,0,0,0,1,1,0,0,0
4445998152,24.23623,24.186958,0.062,0.06423143,0.0,80.439,1.0,1.0,0.0,6,0,0,0,0,0,1,1,0,0,0
4446503718,24.195837,24.191862,0.0744,0.06356142,0.0,80.44778,1.0,1.0,0.0,6,0,0,0,0,0,1,1,0,0,0
4447009224,24.195837,24.196014,0.062,0.06315309,0.0,80.456635,1.0,1.0,0.0,6,0,0,0,0,0,1,1,0,0,0
4447502768,24.195837,24.19046,0.062,0.063452095,0.0,80.465355,1.0,1.0,0.0,6,0,0,0,0,0,1,1,0,0,0
4448008392,24.216034,24.188547,0.062,0.0627552,0.0,80.474045,1.0,1.0,0.0,6,0,0,0,0,0,1,1,0,0,0
4448513999,23.91308,24.159645,0.062,0.06317537,0.0,80.48296,1.0,1.0,0.0,6,0,0,0,0,0,1,1,0,0,0
4449007593,24.135246,24.08725,0.062,0.06311875,0.0,80.49161,1.0,1.0,0.0,6,0,0,0,0,0,1,1,0,0,0
4449513149,24.054459,24.10144,0.062,0.06255338,0.0,80.50031,1.0,1.0,0.0,6,0,0,0,0,0,1,1,0,0,0
4450017894,24.11505,24.103277,0.024799999,0.0606951,0.0,80.50871,1.0,1.0,0.0,6,0,0,0,0,0,1,1,0,0,0
4450511607,24.11505,24.102112,0.0744,0.06327605,0.0,80.51762,1.0,1.0,0.0,6,0,0,0,0,0,1,1,0,0,0
4451017209,24.094852,24.103931,0.0744,0.06319029,0.0,80.52644,1.0,1.0,0.0,6,0,0,0,0,0,1,1,0,0,0
4451522914,24.074656,24.10243,0.062,0.064331464,0.0,80.53556,1.0,1.0,0.0,6,0,0,0,0,0,1,1,0,0,0
4452016370,24.074656,24.10001,0.049599998,0.0643381,0.0,80.54439,1.0,1.0,0.0,6,0,0,0,0,0,1,1,0,0,0
4452521960,24.074656,24.095354,0.049599998,0.064194255,0.0,80.55342,1.0,1.0,0.0,6,0,0,0,0,0,1,1,0,0,0
4453027739,24.074656,24.088934,0.062,0.06352945,0.0,80.56229,1.0,1.0,0.0,6,0,0,0,0,0,1,1,0,0,0
4453521158,24.094852,24.0895,0.062,0.0636374,0.0,80.57105,1.0,1.0,0.0,6,0,0,0,0,0,1,1,0,0,0
4454026931,24.074656,24.0855,0.062,0.06368668,0.0,80.580055,1.0,1.0,0.0,6,0,0,0,0,0,1,1,0,0,0
4454532403,24.11505,24.085758,0.0744,0.06431676,0.0,80.58912,1.0,1.0,0.0,6,0,0,0,0,0,1,1,0,0,0
4455037996,24.11505,24.085785,0.062,0.06446319,0.0,80.59818,1.0,1.0,0.0,6,0,0,0,0,0,1,1,0,0,0
4455543625,24.074656,24.08611,0.0744,0.064300835,0.0,80.60717,1.0,1.0,0.0,6,0,0,0,0,0,1,1,0,0,0
4456037099,24.074656,24.087364,0.062,0.06424407,0.0,80.615906,1.0,1.0,0.0,6,0,0,0,0,0,1,1,0,0,0
4456542820,24.074656,24.086683,0.062,0.063697785,0.0,80.62476,1.0,1.0,0.0,6,0,0,0,0,0,1,1,0,0,0
4457048405,24.11505,24.087902,0.0744,0.06348212,0.0,80.633606,1.0,1.0,0.0,6,0,0,0,0,0,1,1,0,0,0
4457541977,24.094852,24.08324,0.062,0.064033575,0.0,80.64245,1.0,1.0,0.0,6,0,0,0,0,0,1,1,0,0,0
4458047518,24.094852,24.081383,0.062,0.064205386,0.0,80.6514,1.0,1.0,0.0,6,0,0,0,0,0,1,1,0,0,0
4458553199,24.074656,24.080261,0.0744,0.064590394,0.0,80.66048,1.0,1.0,0.0,6,0,0,0,0,0,1,1,0,0,0
4459046652,24.054459,24.07751,0.012399999,0.06280322,0.0,80.66899,1.0,1.0,0.0,6,0,0,0,0,0,1,1,0,0,0
4459551585,24.054459,24.07298,0.0744,0.061517846,0.0,80.67754,1.0,1.0,0.0,6,0,0,0,0,0,1,1,0,0,0
4460057337,24.054459,24.067415,0.062,0.06332654,0.0,80.68663,1.0,1.0,0.0,6,0,0,0,0,0,1,1,0,0,0
4460550786,24.054459,24.064306,0.0868,0.06397182,0.0,80.69541,1.0,1.0,0.0,6,0,0,0,0,0,1,1,0,0,0
4461056540,24.034262,24.06116,0.062,0.06414595,0.0,80.70441,1.0,1.0,0.0,6,0,0,0,0,0,1,1,0,0,0
4461562022,23.993868,24.056025,0.062,0.06313673,0.0,80.71318,1.0,1.0,0.0,6,0,0,0,0,0,1,1,0,0,0
4462055781,24.074656,24.05401,0.062,0.063135296,0.0,80.72178,1.0,1.0,0.0,6,0,0,0,0,0,1,1,0,0,0
4462561146,24.054459,24.049658,0.062,0.063856214,0.0,80.730835,1.0,1.0,0.0,6,0,0,0,0,0,1,1,0,0,0
4463066803,24.014065,24.049946,0.062,0.06326059,0.0,80.73961,1.0,1.0,0.0,6,0,0,0,0,0,1,1,0,0,0
4463560638,24.054459,24.048887,0.062,0.064119875,0.0,80.74848,1.0,1.0,0.0,6,0,0,0,0,0,1,1,0,0,0
4464066031,24.034262,24.048365,0.062,0.06380685,0.0,80.75744,1.0,1.0,0.0,6,0,0,0,0,0,1,1,0,0,0
4464571744,23.993868,24.041481,0.062,0.06345648,0.0,80.76631,1.0,1.0,0.0,6,0,0,0,0,0,1,1,0,0,0
4465065333,24.034262,24.039022,0.062,0.06381721,0.0,80.77508,1.0,1.0,0.0,6,0,0,0,0,0,1,1,0,0,0
4465570954,23.993868,24.03168,0.062,0.06380491,0.0,80.78404,1.0,1.0,0.0,6,0,0,0,0,0,1,1,0,0,0
4466076670,24.034262,24.024181,0.062,0.06452385,0.0,80.79318,1.0,1.0,0.0,6,0,0,0,0,0,1,1,0,0,0
4466569841,24.014065,24.019917,0.062,0.06379868,0.0,80.80179,1.0,1.0,0.0,6,0,0,0,0,0,1,1,0,0,0
4467075754,24.014065,24.019325,0.062,0.06394903,0.0,80.810715,1.0,1.0,0.0,6,0,0,0,0,0,1,1,0,0,0
4467581169,24.074656,24.019056,0.062,0.0644523,0.0,80.819786,1.0,1.0,0.0,6,0,0,0,0,0,1,1,0,0,0
4468074708,23.953474,24.00478,0.062,0.06307357,0.0,80.82819,1.0,1.0,0.0,6,0,0,0,0,0,1,1,0,0,0
4468580581,23.953474,23.991142,0.062,0.063704215,0.0,80.83709,1.0,1.0,0.0,6,0,0,0,0,0,1,1,0,0,0
4469086164,23.973671,23.986824,0.062,0.06321419,0.0,80.84592,1.0,1.0,0.0,6,0,0,0,0,0,1,1,0,0,0
4469579614,23.993868,23.98215,0.024799999,0.06186097,0.0,80.854355,1.0,1.0,0.0,6,0,0,0,0,0,1,1,0,0,0
4470085370,24.014065,23.98359,0.049599998,0.061498605,0.0,80.86301,1.0,1.0,0.0,6,0,0,0,0,0,1,1,0,0,0
4470589923,23.973671,23.981531,0.062,0.06269623,0.0,80.87195,1.0,1.0,0.0,6,0,0,0,0,0,1,1,0,0,0
4471084581,23.953474,23.96799,0.0744,0.06322802,0.0,80.880745,1.0,1.0,0.0,6,0,0,0,0,0,1,1,0,0,0
4471589344,23.973671,23.968433,0.0744,0.06368115,0.0,80.88969,1.0,1.0,0.0,6,0,0,0,0,0,1,1,0,0,0
4472094712,24.034262,23.971458,0.062,0.062488068,0.0,80.898254,1.0,1.0,0.0,6,0,0,0,0,0,1,1,0,0,0
4472588368,23.953474,23.96894,0.0744,0.06298533,0.0,80.90692,1.0,1.0,0.0,6,0,0,0,0,0,1,1,0,0,0
4473094021,23.973671,23.96645,0.062,0.062755235,0.0,80.915726,1.0,1.0,0.0,6,0,0,0,0,0,1,1,0,0,0
4473599545,23.993868,23.965782,0.0868,0.063285895,0.0,80.92462,1.0,1.0,0.0,6,0,0,0,0,0,1,1,0,0,0
4474093063,23.953474,23.961527,0.0744,0.06508247,0.0,80.93373,1.0,1.0,0.0,6,0,0,0,0,0,1,1,0,0,0
4474598773,23.933277,23.955976,0.062,0.064468145,0.0,80.94274,1.0,1.0,0.0,6,0,0,0,0,0,1,1,0,0,0
4475104349,23.91308,23.955385,0.062,0.063693404,0.0,80.95156,1.0,1.0,0.0,6,0,0,0,0,0,1,1,0,0,0
4475597891,23.933277,23.953932,0.062,0.06338397,0.0,80.960266,1.0,1.0,0.0,6,0,0,0,0,0,1,1,0,0,0
4476103620,23.953474,23.945473,0.0744,0.063071445,0.0,80.96899,1.0,1.0,0.0,6,0,0,0,0,0,1,1,0,0,0
4476609115,23.91308,23.950666,0.062,0.06450518,0.0,80.978195,1.0,1.0,0.0,6,0,0,0,0,0,1,1,0,0,0
4477102805,23.953474,23.953514,0.062,0.062823296,0.0,80.9867,1.0,1.0,0.0,6,0,0,0,0,0,1,1,0,0,0
4477608385,23.993868,23.960224,0.062,0.06279117,0.0,80.995514,1.0,1.0,0.0,6,0,0,0,0,0,1,1,0,0,0
4478113985,23.953474,23.957834,0.0744,0.062291194,0.0,81.00424,1.0,1.0,0.0,6,0,0,0,0,0,1,1,0,0,0
4478607557,23.933277,23.952982,0.049599998,0.06269707,0.0,81.012856,1.0,1.0,0.0,6,0,0,0,0,0,1,1,0,0,0
4479113052,23.933277,23.953533,0.0744,0.062888704,0.0,81.02174,1.0,1.0,0.0,6,0,0,0,0,0,1,1,0,0,0
4479618986,23.91308,23.954714,0.062,0.06212159,0.0,81.03042,1.0,1.0,0.0,6,0,0,0,0,0,1,1,0,0,0
4480112344,23.993868,23.958427,0.062,0.06233704,0.0,81.03897,1.0,1.0,0.0,6,0,0,0,0,0,1,1,0,0,0
4480617897,23.953474,23.957193,0.0744,0.0641915,0.0,81.048065,1.0,1.0,0.0,6,0,0,0,0,0,1,1,0,0,0
4481123625,23.91308,23.956694,0.062,0.06284663,0.0,81.05675,1.0,1.0,0.0,6,0,0,0,0,0,1,1,0,0,0
4481617097,23.953474,23.951992,0.062,0.06300521,0.0,81.06544,1.0,1.0,0.0,6,0,0,0,0,0,1,1,0,0,0
4482122171,23.953474,23.946718,0.0744,0.062938556,0.0,81.07425,1.0,1.0,0.0,6,0,0,0,0,0,1,1,0,0,0
4482627563,23.953474,23.94138,0.062,0.06389083,0.0,81.08343,1.0,1.0,0.0,6,0,0,0,0,0,1,1,0,0,0
4483121176,23.85249,23.933844,0.062,0.06451685,0.0,81.09226,1.0,1.0,0.0,6,0,0,0,0,0,1,1,0,0,0
4483626710,23.91308,23.929365,0.062,0.06422688,0.0,81.10121,1.0,1.0,0.0,6,0,0,0,0,0,1,1,0,0,0
4484132474,23.953474,23.931736,0.062,0.06308846,0.0,81.11004,1.0,1.0,0.0,6,0,0,0,0,0,1,1,0,0,0
4484625972,23.872686,23.932724,0.062,0.06321996,0.0,81.11879,1.0,1.0,0.0,6,0,0,0,0,0,1,1,0,0,0
4485131583,23.953474,23.93245,0.062,0.0634337,0.0,81.12767,1.0,1.0,0.0,6,0,0,0,0,0,1,1,0,0,0
4485637362,23.91308,23.930737,0.062,0.064766094,0.0,81.136955,1.0,1.0,0.0,6,0,0,0,0,0,1,1,0,0,0
4486131001,23.933277,23.917416,0.0744,0.06299018,0.0,81.14539,1.0,1.0,0.0,6,0,0,0,0,0,1,1,0,0,0
4486636598,23.872686,23.914072,0.062,0.062498484,0.0,81.154144,1.0,1.0,0.0,6,0,0,0,0,0,1,1,0,0,0
4487142167,23.91308,23.909452,0.062,0.063681394,0.0,81.163185,1.0,1.0,0.0,6,0,0,0,0,0,1,1,0,0,0
4487635618,23.933277,23.906315,0.0744,0.06406285,0.0,81.17188,1.0,1.0,0.0,6,0,0,0,0,0,1,1,0,0,0
4488141212,23.892883,23.901218,0.062,0.06408985,0.0,81.18088,1.0,1.0,0.0,6,0,0,0,0,0,1,1,0,0,0
4488646831,23.872686,23.888632,0.062,0.06423068,0.0,81.18988,1.0,1.0,0.0,6,0,0,0,0,0,1,1,0,0,0
4489140552,23.85249,23.87645,0.062,0.063919894,0.0,81.198685,1.0,1.0,0.0,6,0,0,0,0,0,1,1,0,0,0
4489645860,23.85249,23.876673,0.062,0.06327333,0.0,81.2075,1.0,1.0,0.0,6,0,0,0,0,0,1,1,0,0,0
4490151770,23.91308,23.878838,0.062,0.06300185,0.0,81.21631,1.0,1.0,0.0,6,0,0,0,0,0,1,1,0,0,0
4490645372,23.872686,23.891935,0.0744,0.06255093,0.0,81.22484,1.0,1.0,0.0,6,0,0,0,0,0,1,1,0,0,0
4491151042,23.872686,23.90259,0.049599998,0.061354734,0.0,81.233376,1.0,1.0,0.0,6,0,0,0,0,0,1,1,0,0,0
4491656363,23.91308,23.901323,0.062,0.062978745,0.0,81.24245,1.0,1.0,0.0,6,0,0,0,0,0,1,1,0,0,0
4492150019,23.933277,23.912573,0.0744,0.063325785,0.0,81.251144,1.0,1.0,0.0,6,0,0,0,0,0,1,1,0,0,0
4492655557,23.953474,23.9193,0.062,0.063978344,0.0,81.26017,1.0,1.0,0.0,6,0,0,0,0,0,1,1,0,0,0
4493160533,23.953474,23.925066,0.062,0.06352549,0.0,81.26905,1.0,1.0,0.0,6,0,0,0,0,0,1,1,0,0,0
4493654133,23.892883,23.928104,0.062,0.06325854,0.0,81.27772,1.0,1.0,0.0,6,0,0,0,0,0,1,1,0,0,0
4494159568,23.892883,23.925524,0.062,0.062329512,0.0,81.28634,1.0,1.0,0.0,6,0,0,0,0,0,1,1,0,0,0
4494665383,23.91308,23.922802,0.062,0.06335967,0.0,81.295334,1.0,1.0,0.0,6,0,0,0,0,0,1,1,0,0,0
4495158783,23.933277,23.921629,0.062,0.06404585,0.0,81.30402,1.0,1.0,0.0,6,0,0,0,0,0,1,1,0,0,0
4495664282,23.953474,23.925333,0.0372,0.063627176,0.0,81.313,1.0,1.0,0.0,6,0,0,0,0,0,1,1,0,0,0
4496170033,23.91308,23.927008,0.062,0.063112736,0.0,81.32184,1.0,1.0,0.0,6,0,0,0,0,0,1,1,0,0,0
4496663771,23.91308,23.927925,0.062,0.0632283,0.0,81.33049,1.0,1.0,0.0,6,0,0,0,0,0,1,1,0,0,0
4497169168,23.91308,23.924547,0.062,0.06261278,0.0,81.33914,1.0,1.0,0.0,6,0,0,0,0,0,1,1,0,0,0
4497674830,23.872686,23.913618,0.0744,0.06296998,0.0,81.34801,1.0,1.0,0.0,6,0,0,0,0,0,1,1,0,0,0
4498168346,23.872686,23.908802,0.062,0.06311816,0.0,81.35662,1.0,1.0,0.0,6,0,0,0,0,0,1,1,0,0,0
4498674135,23.872686,23.89779,0.062,0.063334346,0.0,81.36563,1.0,1.0,0.0,6,0,0,0,0,0,1,1,0,0,0
4499179864,23.872686,23.896248,0.062,0.06445334,0.0,81.374794,1.0,1.0,0.0,6,0,0,0,0,0,1,1,0,0,0
4499673183,23.892883,23.891817,0.0744,0.06433449,0.0,81.38359,1.0,1.0,0.0,6,0,0,0,0,0,1,1,0,0,0
4500178807,23.91308,23.885414,0.062,0.06336137,0.0,81.39237,1.0,1.0,0.0,6,0,0,0,0,0,1,1,0,0,0
4500684425,23.872686,23.875357,0.062,0.06410049,0.0,81.40139,1.0,1.0,0.0,6,0,0,0,0,0,1,1,0,0,0
4501177987,23.892883,23.874199,0.0744,0.06498307,0.0,81.41035,1.0,1.0,0.0,6,0,0,0,0,0,1,1,0,0,0
4501683544,23.91308,23.875788,0.049599998,0.0634141,0.0,81.41917,1.0,1.0,0.0,6,0,0,0,0,0,1,1,0,0,0
4502189189,23.85249,23.871214,0.062,0.06419534,0.0,81.42821,1.0,1.0,0.0,6,0,0,0,0,0,1,1,0,0,0
4502682716,23.85249,23.869488,0.062,0.0638162,0.0,81.436966,1.0,1.0,0.0,6,0,0,0,0,0,1,1,0,0,0
4503188332,23.933277,23.886312,0.062,0.06303854,0.0,81.44571,1.0,1.0,0.0,6,0,0,0,0,0,1,1,0,0,0
4503693185,23.892883,23.894302,0.062,0.06297904,0.0,81.45432,1.0,1.0,0.0,6,0,0,0,0,0,1,1,0,0,0
4504186991,23.872686,23.89943,0.062,0.063146636,0.0,81.462975,1.0,1.0,0.0,6,0,0,0,0,0,1,1,0,0,0
4504692382,23.973671,23.901993,0.062,0.06488118,0.0,81.47227,1.0,1.0,0.0,6,0,0,0,0,0,1,1,0,0,0
4505198017,23.933277,23.904604,0.062,0.06305766,0.0,81.4808,1.0,1.0,0.0,6,0,0,0,0,0,1,1,0,0,0
4505691557,23.91308,23.907942,0.062,0.06130001,0.0,81.48902,1.0,1.0,0.0,6,0,0,0,0,0,1,1,0,0,0
4506197395,23.91308,23.91313,0.0744,0.063235834,0.0,81.4981,1.0,1.0,0.0,6,0,0,0,0,0,1,1,0,0,0
4506702791,23.872686,23.908566,0.062,0.063666925,0.0,81.507065,1.0,1.0,0.0,6,0,0,0,0,0,1,1,0,0,0
4507196518,23.872686,23.90498,0.062,0.06322959,0.0,81.51565,1.0,1.0,0.0,6,0,0,0,0,0,1,1,0,0,0
4507702000,23.91308,23.898737,0.062,0.06421268,0.0,81.524765,1.0,1.0,0.0,6,0,0,0,0,0,1,1,0,0,0
4508207506,23.872686,23.898335,0.062,0.063383065,0.0,81.53368,1.0,1.0,0.0,6,0,0,0,0,0,1,1,0,0,0
4508701092,23.91308,23.900375,0.062,0.06398712,0.0,81.54245,1.0,1.0,0.0,6,0,0,0,0,0,1,1,0,0,0
4509206952,23.91308,23.90908,0.062,0.06297083,0.0,81.55128,1.0,1.0,0.0,6,0,0,0,0,0,1,1,0,0,0
4509712393,23.933277,23.915266,0.062,0.062517084,0.0,81.56001,1.0,1.0,0.0,6,0,0,0,0,0,1,1,0,0,0
4510206146,23.91308,23.908215,0.062,0.06343121,0.0,81.5688,1.0,1.0,0.0,6,0,0,0,0,0,1,1,0,0,0
4510711796,23.91308,23.903282,0.062,0.06222848,0.0,81.57741,1.0,1.0,0.0,6,0,0,0,0,0,1,1,0,0,0
4511217209,23.892883,23.895828,0.062,0.06309245,0.0,81.586365,1.0,1.0,0.0,6,0,0,0,0,0,1,1,0,0,0
4511710850,23.872686,23.888752,0.062,0.06298056,0.0,81.59503,1.0,1.0,0.0,6,0,0,0,0,0,1,1,0,0,0
4512216527,23.832293,23.880804,0.049599998,0.064008385,0.0,81.60409,1.0,1.0,0.0,6,0,0,0,0,0,1,1,0,0,0
4512721994,23.872686,23.878586,0.062,0.06301449,0.0,81.6128,1.0,1.0,0.0,6,0,0,0,0,0,1,1,0,0,0
4513215793,23.85249,23.873804,0.062,0.062852934,0.0,81.62139,1.0,1.0,0.0,6,0,0,0,0,0,1,1,0,0,0
4513721221,23.832293,23.867893,0.062,0.06244524,0.0,81.63007,1.0,1.0,0.0,6,0,0,0,0,0,1,1,0,0,0
4514226745,23.872686,23.861038,0.0744,0.06297532,0.0,81.63898,1.0,1.0,0.0,6,0,0,0,0,0,1,1,0,0,0
4514720405,23.52934,23.835478,0.062,0.06344486,0.0,81.64773,1.0,1.0,0.0,6,0,0,0,0,0,1,1,0,0,0
4515225971,23.791899,23.753996,0.062,0.062803075,0.0,81.65652,1.0,1.0,0.0,6,0,0,0,0,0,1,1,0,0,0
4515731510,23.711113,23.759768,0.062,0.06427901,0.0,81.66566,1.0,1.0,0.0,6,0,0,0,0,0,1,1,0,0,0
4516237123,23.73131,23.748589,0.062,0.06416778,0.0,81.67467,1.0,1.0,0.0,6,0,0,0,0,0,1,1,0,0,0
4516729922,23.751507,23.74413,0.062,0.06311242,0.0,81.683235,1.0,1.0,0.0,6,0,0,0,0,0,1,1,0,0,0
4517235717,23.771704,23.748045,0.062,0.06385378,0.0,81.69222,1.0,1.0,0.0,6,0,0,0,0,0,1,1,0,0,0
4517741212,23.771704,23.757614,0.0744,0.064658,0.0,81.701294,1.0,1.0,0.0,6,0,0,0,0,0,1,1,0,0,0
4518234918,23.832293,23.774158,0.062,0.062296547,0.0,81.70959,1.0,1.0,0.0,6,0,0,0,0,0,1,1,0,0,0
4518740526,23.791899,23.789515,0.062,0.063901655,0.0,81.71869,1.0,1.0,0.0,6,0,0,0,0,0,1,1,0,0,0
4519245939,23.812096,23.79562,0.062,0.06375472,0.0,81.72762,1.0,1.0,0.0,6,0,0,0,0,0,1,1,0,0,0
4519739587,23.812096,23.797443,0.0744,0.06277353,0.0,81.73608,1.0,1.0,0.0,6,0,0,0,0,0,1,1,0,0,0
4520245344,23.872686,23.812906,0.062,0.06301527,0.0,81.74494,1.0,1.0,0.0,6,0,0,0,0,0,1,1,0,0,0
4520750790,23.832293,23.83513,0.062,0.064168006,0.0,81.75405,1.0,1.0,0.0,6,0,0,0,0,0,1,1,0,0,0
4521244345,23.91308,23.849184,0.062,0.06272428,0.0,81.76246,1.0,1.0,0.0,6,0,0,0,0,0,1,1,0,0,0
4521749983,23.872686,23.865501,0.062,0.06371023,0.0,81.7715,1.0,1.0,0.0,6,0,0,0,0,0,1,1,0,0,0
4522255757,23.91308,23.87545,0.062,0.06500821,0.0,81.78081,1.0,1.0,0.0,6,0,0,0,0,0,1,1,0,0,0
4522761257,23.892883,23.885176,0.062,0.06462358,0.0,81.789795,1.0,1.0,0.0,6,0,0,0,0,0,1,1,0,0,0
4523254768,23.933277,23.88765,0.062,0.06407796,0.0,81.79853,1.0,1.0,0.0,6,0,0,0,0,0,1,1,0,0,0
4523760381,23.85249,23.89264,0.062,0.06391285,0.0,81.807396,1.0,1.0,0.0,6,0,0,0,0,0,1,1,0,0,0
4524266295,23.872686,23.895458,0.024799999,0.06304119,0.0,81.81622,1.0,1.0,0.0,6,0,0,0,0,0,1,1,0,0,0
4524759593,23.933277,23.89929,0.062,0.061874785,0.0,81.82469,1.0,1.0,0.0,6,0,0,0,0,0,1,1,0,0,0
4525265052,23.933277,23.905113,0.062,0.062085867,0.0,81.83344,1.0,1.0,0.0,6,0,0,0,0,0,1,1,0,0,0
4525770763,23.91308,23.907467,0.062,0.06397008,0.0,81.842545,1.0,1.0,0.0,6,0,0,0,0,0,1,1,0,0,0
4526264411,23.91308,23.909143,0.062,0.06406541,0.0,81.85133,1.0,1.0,0.0,6,0,0,0,0,0,1,1,0,0,0
4526770024,23.872686,23.905836,0.062,0.064004704,0.0,81.860275,1.0,1.0,0.0,6,0,0,0,0,0,1,1,0,0,0
4527275774,23.91308,23.913258,0.062,0.06279847,0.0,81.868935,1.0,1.0,0.0,6,0,0,0,0,0,1,1,0,0,0
4527769213,23.953474,23.919188,0.062,0.062033903,0.0,81.87743,1.0,1.0,0.0,6,0,0,0,0,0,1,1,0,0,0
4528274750,23.973671,23.928883,0.062,0.062265947,0.0,81.88626,1.0,1.0,0.0,6,0,0,0,0,0,1,1,0,0,0
4528780385,23.953474,23.933897,0.062,0.06199115,0.0,81.89488,1.0,1.0,0.0,6,0,0,0,0,0,1,1,0,0,0
4529273367,23.892883,23.925869,0.062,0.06522383,0.0,81.90412,1.0,1.0,0.0,6,0,0,0,0,0,1,1,0,0,0
4529779745,23.953474,23.928097,0.062,0.0640225,0.0,81.91304,1.0,1.0,0.0,6,0,0,0,0,0,1,1,0,0,0
4530284433,23.933277,23.925617,0.0744,0.064069256,0.0,81.92201,1.0,1.0,0.0,6,0,0,0,0,0,1,1,0,0,0
4530777959,23.91308,23.915802,0.062,0.06374058,0.0,81.93062,1.0,1.0,0.0,6,0,0,0,0,0,1,1,0,0,0
4531283573,23.892883,23.911095,0.062,0.06388808,0.0,81.93965,1.0,1.0,0.0,6,0,0,0,0,0,1,1,0,0,0
4531789129,23.85249,23.908644,0.062,0.06202194,0.0,81.94817,1.0,1.0,0.0,6,0,0,0,0,0,1,1,0,0,0
4532282700,23.872686,23.901882,0.0744,0.06386146,0.0,81.95709,1.0,1.0,0.0,6,0,0,0,0,0,1,1,0,0,0
4532788526,23.953474,23.89942,0.062,0.06384,0.0,81.96601,1.0,1.0,0.0,6,0,0,0,0,0,1,1,0,0,0
4533293996,23.892883,23.900385,0.062,0.06327738,0.0,81.974884,1.0,1.0,0.0,6,0,0,0,0,0,1,1,0,0,0
4533787533,23.91308,23.899292,0.062,0.06348282,0.0,81.98363,1.0,1.0,0.0,6,0,0,0,0,0,1,1,0,0,0
4534293207,23.91308,23.909466,0.062,0.064597614,0.0,81.9928,1.0,1.0,0.0,6,0,0,0,0,0,1,1,0,0,0
4534798738,23.953474,23.911749,0.062,0.06333559,0.0,82.00155,1.0,1.0,0.0,6,0,0,0,0,0,1,1,0,0,0
4535292421,23.953474,23.916813,0.062,0.06462506,0.0,82.01058,1.0,1.0,0.0,6,0,0,0,0,0,1,1,0,0,0
4535797995,23.933277,23.919718,0.062,0.06609396,0.0,82.01995,1.0,1.0,0.0,6,0,0,0,0,0,1,1,0,0,0
4536303485,23.872686,23.918938,0.0744,0.06515558,0.0,82.02898,1.0,1.0,0.0,6,0,0,0,0,0,1,1,0,0,0
4536797206,23.933277,23.915688,0.0744,0.06488436,0.0,82.03781,1.0,1.0,0.0,6,0,0,0,0,0,1,1,0,0,0
4537302825,23.91308,23.91597,0.062,0.064671785,0.0,82.04691,1.0,1.0,0.0,6,0,0,0,0,0,1,1,0,0,0
4537808379,23.91308,23.912569,0.062,0.06444305,0.0,82.055954,1.0,1.0,0.0,6,0,0,0,0,0,1,1,0,0,0
4538301896,23.91308,23.912289,0.062,0.06382291,0.0,82.06466,1.0,1.0,0.0,6,0,0,0,0,0,1,1,0,0,0
4538807907,23.953474,23.91692,0.062,0.06399284,0.0,82.073654,1.0,1.0,0.0,6,0,0,0,0,0,1,1,0,0,0
4539313182,23.91308,23.921274,0.062,0.06360493,0.0,82.08256,1.0,1.0,0.0,6,0,0,0,0,0,1,1,0,0,0
4539806789,23.91308,23.911892,0.062,0.06423402,0.0,82.091415,1.0,1.0,0.0,6,0,0,0,0,0,1,1,0,0,0
4540312394,23.91308,23.917759,0.062,0.06584106,0.0,82.10072,1.0,1.0,0.0,6,0,0,0,0,0,1,1,0,0,0
4540818033,23.85249,23.909075,0.062,0.06474517,0.0,82.10968,1.0,1.0,0.0,6,0,0,0,0,0,1,1,0,0,0
4541323593,23.892883,23.880766,0.062,0.0640374,0.0,82.11853,1.0,1.0,0.0,6,0,0,0,0,0,1,1,0,0,0
4541817199,23.91308,23.887936,0.062,0.06365443,0.0,82.12728,1.0,1.0,0.0,6,0,0,0,0,0,1,1,0,0,0
4542322837,23.892883,23.893108,0.062,0.06392775,0.0,82.13632,1.0,1.0,0.0,6,0,0,0,0,0,1,1,0,0,0
4542827632,23.953474,23.907999,0.0744,0.06500942,0.0,82.1455,1.0,1.0,0.0,6,0,0,0,0,0,1,1,0,0,0
4543333956,23.953474,23.931551,0.0744,0.064555906,0.0,82.154564,1.0,1.0,0.0,6,0,0,0,0,0,1,1,0,0,0
4543827078,23.892883,23.92962,0.0744,0.06462282,0.0,82.16337,1.0,1.0,0.0,6,0,0,0,0,0,1,1,0,0,0
4544332355,23.953474,23.928211,0.062,0.06336272,0.0,82.17215,1.0,1.0,0.0,6,0,0,0,0,0,1,1,0,0,0
4544838747,23.91308,23.927248,0.062,0.062577926,0.0,82.18082,1.0,1.0,0.0,6,0,0,0,0,0,1,1,0,0,0
4545331565,23.953474,23.931643,0.0744,0.063383676,0.0,82.18957,1.0,1.0,0.0,6,0,0,0,0,0,1,1,0,0,0
4545837416,23.91308,23.928913,0.099199995,0.06428405,0.0,82.19854,1.0,1.0,0.0,6,0,0,0,0,0,1,1,0,0,0
4546342751,23.91308,23.927568,0.049599998,0.06324251,0.0,82.2073,1.0,1.0,0.0,6,0,0,0,0,0,1,1,0,0,0
4546836277,23.91308,23.92684,0.0744,0.06358479,0.0,82.21595,1.0,1.0,0.0,6,0,0,0,0,0,1,1,0,0,0
4547341949,23.892883,23.930227,0.0744,0.063860245,0.0,82.224915,1.0,1.0,0.0,6,0,0,0,0,0,1,1,0,0,0
4547847880,23.953474,23.928732,0.062,0.064376,0.0,82.234024,1.0,1.0,0.0,6,0,0,0,0,0,1,1,0,0,0
4548341310,23.91308,23.931677,0.0744,0.06456666,0.0,82.24282,1.0,1.0,0.0,6,0,0,0,0,0,1,1,0,0,0
4548846915,23.91308,23.927769,0.099199995,0.06622639,0.0,82.252205,1.0,1.0,0.0,6,0,0,0,0,0,1,1,0,0,0
4549352395,23.933277,23.928661,0.062,0.065182626,0.0,82.26124,1.0,1.0,0.0,6,0,0,0,0,0,1,1,0,0,0
4549857911,23.953474,23.932356,0.099199995,0.06477775,0.0,82.270226,1.0,1.0,0.0,6,0,0,0,0,0,1,1,0,0,0
4550351550,23.933277,23.931736,0.062,0.06356547,0.0,82.278786,1.0,1.0,0.0,6,0,0,0,0,0,1,1,0,0,0
4550857214,23.953474,23.934607,0.062,0.06499685,0.0,82.288086,1.0,1.0,0.0,6,0,0,0,0,0,1,1,0,0,0
4551362814,23.933277,23.934048,0.062,0.06340595,0.0,82.29682,1.0,1.0,0.0,6,0,0,0,0,0,1,1,0,0,0
4551856545,23.85249,23.935059,0.062,0.06406938,0.0,82.30568,1.0,1.0,0.0,6,0,0,0,0,0,1,1,0,0,0
4552361948,23.91308,23.92893,0.062,0.0641633,0.0,82.3146,1.0,1.0,0.0,6,0,0,0,0,0,1,1,0,0,0
4552867727,23.953474,23.930044,0.062,0.063939005,0.0,82.32364,1.0,1.0,0.0,6,0,0,0,0,0,1,1,0,0,0
4553361202,23.953474,23.932573,0.062,0.0641352,0.0,82.332436,1.0,1.0,0.0,6,0,0,0,0,0,1,1,0,0,0
4553866917,23.933277,23.928053,0.062,0.06325987,0.0,82.34116,1.0,1.0,0.0,6,0,0,0,0,0,1,1,0,0,0
4554372521,23.872686,23.925762,0.062,0.06392564,0.0,82.350204,1.0,1.0,0.0,6,0,0,0,0,0,1,1,0,0,0
4554866159,23.91308,23.918812,0.062,0.061936256,0.0,82.358505,1.0,1.0,0.0,6,0,0,0,0,0,1,1,0,0,0
4555371587,23.91308,23.914576,0.0744,0.063394114,0.0,82.36754,1.0,1.0,0.0,6,0,0,0,0,0,1,1,0,0,0
4555877350,23.993868,23.921152,0.062,0.061588198,0.0,82.37609,1.0,1.0,0.0,6,0,0,0,0,0,1,1,0,0,0
4556369938,23.91308,23.918722,0.062,0.06262761,0.0,82.38477,1.0,1.0,0.0,6,0,0,0,0,0,1,1,0,0,0
4556876541,23.91308,23.9174,0.062,0.06346814,0.0,82.39384,1.0,1.0,0.0,6,0,0,0,0,0,1,1,0,0,0
4557382179,23.933277,23.91249,0.062,0.06418167,0.0,82.40285,1.0,1.0,0.0,6,0,0,0,0,0,1,1,0,0,0
4557874787,23.933277,23.909843,0.062,0.063212335,0.0,82.41132,1.0,1.0,0.0,6,0,0,0,0,0,1,1,0,0,0
4558381205,23.933277,23.911549,0.0744,0.0633342,0.0,82.42019,1.0,1.0,0.0,6,0,0,0,0,0,1,1,0,0,0
4558874142,23.85249,23.91089,0.062,0.063233085,0.0,82.42889,1.0,1.0,0.0,6,0,0,0,0,0,1,1,0,0,0
4559379505,23.91308,23.905382,0.062,0.0635405,0.0,82.43783,1.0,1.0,0.0,6,0,0,0,0,0,1,1,0,0,0
4559885395,23.832293,23.902317,0.062,0.06382417,0.0,82.44683,1.0,1.0,0.0,6,0,0,0,0,0,1,1,0,0,0
4560378932,23.892883,23.890614,0.0744,0.063595966,0.0,82.45546,1.0,1.0,0.0,6,0,0,0,0,0,1,1,0,0,0
4560884340,23.872686,23.879963,0.062,0.06393594,0.0,82.464485,1.0,1.0,0.0,6,0,0,0,0,0,1,1,0,0,0
4561389954,23.812096,23.860802,0.062,0.06458063,0.0,82.47366,1.0,1.0,0.0,6,0,0,0,0,0,1,1,0,0,0
4561883573,23.832293,23.85555,0.062,0.06319175,0.0,82.48217,1.0,1.0,0.0,6,0,0,0,0,0,1,1,0,0,0
4562389415,23.791899,23.849033,0.062,0.062609516,0.0,82.490875,1.0,1.0,0.0,6,0,0,0,0,0,1,1,0,0,0
4562894815,23.85249,23.847681,0.0744,0.06275794,0.0,82.49974,1.0,1.0,0.0,6,0,0,0,0,0,1,1,0,0,0
4563388357,23.872686,23.843018,0.049599998,0.063887544,0.0,82.508575,1.0,1.0,0.0,6,0,0,0,0,0,1,1,0,0,0
4563893947,23.771704,23.833702,0.062,0.06422194,0.0,82.517654,1.0,1.0,0.0,6,0,0,0,0,0,1,1,0,0,0
4564399493,23.832293,23.83065,0.0744,0.06483067,0.0,82.52679,1.0,1.0,0.0,6,0,0,0,0,0,1,1,0,0,0
4564893254,23.771704,23.825933,0.049599998,0.064013764,0.0,82.53545,1.0,1.0,0.0,6,0,0,0,0,0,1,1,0,0,0
4565398925,23.751507,23.819208,0.062,0.06409192,0.0,82.544464,1.0,1.0,0.0,6,0,0,0,0,0,1,1,0,0,0
4565904279,23.791899,23.806225,0.062,0.06362242,0.0,82.55338,1.0,1.0,0.0,6,0,0,0,0,0,1,1,0,0,0
4566398017,23.872686,23.806932,0.062,0.06455977,0.0,82.562325,1.0,1.0,0.0,6,0,0,0,0,0,1,1,0,0,0
4566903553,23.751507,23.811134,0.062,0.06347894,0.0,82.571075,1.0,1.0,0.0,6,0,0,0,0,0,1,1,0,0,0
4567409220,23.832293,23.810741,0.062,0.06308834,0.0,82.57985,1.0,1.0,0.0,6,0,0,0,0,0,1,1,0,0,0
4567902802,23.85249,23.815525,0.062,0.063589886,0.0,82.58858,1.0,1.0,0.0,6,0,0,0,0,0,1,1,0,0,0
4568408344,23.812096,23.815971,0.049599998,0.06377057,0.0,82.59756,1.0,1.0,0.0,6,0,0,0,0,0,1,1,0,0,0
4568913939,23.791899,23.811535,0.062,0.062967524,0.0,82.60629,1.0,1.0,0.0,6,0,0,0,0,0,1,1,0,0,0
4569407539,23.791899,23.80982,0.062,0.06344468,0.0,82.61502,1.0,1.0,0.0,6,0,0,0,0,0,1,1,0,0,0
4569913353,23.73131,23.804935,0.062,0.06254703,0.0,82.623726,1.0,1.0,0.0,6,0,0,0,0,0,1,1,0,0,0
4570418743,23.791899,23.799044,0.062,0.06349589,0.0,82.63281,1.0,1.0,0.0,6,0,0,0,0,0,1,1,0,0,0
4570912323,23.791899,23.794764,0.062,0.06291268,0.0,82.641335,1.0,1.0,0.0,6,0,0,0,0,0,1,1,0,0,0
4571417985,23.791899,23.783358,0.062,0.062376425,0.0,82.65007,1.0,1.0,0.0,6,0,0,0,0,0,1,1,0,0,0
4571923604,23.832293,23.7898,0.062,0.06248859,0.0,82.65883,1.0,1.0,0.0,6,0,0,0,0,0,1,1,0,0,0
4572417024,23.589931,23.784595,0.062,0.06259914,0.0,82.667404,1.0,1.0,0.0,6,0,0,0,0,0,1,1,0,0,0
4572922810,23.690916,23.774286,0.062,0.06332063,0.0,82.67641,1.0,1.0,0.0,6,0,0,0,0,0,1,1,0,0,0
4573427617,23.610128,23.73383,0.0744,0.06417529,0.0,82.685455,1.0,1.0,0.0,6,0,0,0,0,0,1,1,0,0,0
4573921172,23.67072,23.703169,0.0744,0.063428134,0.0,82.693985,1.0,1.0,0.0,6,0,0,0,0,0,1,1,0,0,0
4574427503,23.589931,23.678602,0.062,0.06252339,0.0,82.70266,1.0,1.0,0.0,6,0,0,0,0,0,1,1,0,0,0
4574932550,23.630325,23.660496,0.0744,0.061900716,0.0,82.71128,1.0,1.0,0.0,6,0,0,0,0,0,1,1,0,0,0
4575426141,23.630325,23.649189,0.062,0.06302356,0.0,82.71999,1.0,1.0,0.0,6,0,0,0,0,0,1,1,0,0,0
4575931597,23.67072,23.642706,0.062,0.06399173,0.0,82.729034,1.0,1.0,0.0,6,0,0,0,0,0,1,1,0,0,0
4576437339,23.650522,23.642176,0.0744,0.06383558,0.0,82.737976,1.0,1.0,0.0,6,0,0,0,0,0,1,1,0,0,0
4576931016,23.589931,23.640314,0.062,0.06272366,0.0,82.746475,1.0,1.0,0.0,6,0,0,0,0,0,1,1,0,0,0
4577436669,23.690916,23.651945,0.062,0.06352114,0.0,82.75544,1.0,1.0,0.0,6,0,0,0,0,0,1,1,0,0,0
4577942143,23.771704,23.666681,0.062,0.062446784,0.0,82.76407,1.0,1.0,0.0,6,0,0,0,0,0,1,1,0,0,0
4578435805,23.630325,23.67079,0.049599998,0.060314365,0.0,82.77215,1.0,1.0,0.0,6,0,0,0,0,0,1,1,0,0,0
4578941232,23.67072,23.654703,0.049599998,0.060910445,0.0,82.78076,1.0,1.0,0.0,6,0,0,0,0,0,1,1,0,0,0
4579446945,23.549538,23.634214,0.062,0.05992418,0.0,82.78915,1.0,1.0,0.0,6,0,0,0,0,0,1,1,0,0,0
4579952573,23.569735,23.60005,0.062,0.06258782,0.0,82.79825,1.0,1.0,0.0,6,0,0,0,0,0,1,1,0,0,0
4580445957,23.589931,23.576946,0.0744,0.06255641,0.0,82.806816,1.0,1.0,0.0,6,0,0,0,0,0,1,1,0,0,0
4580951578,23.52934,23.566849,0.062,0.06285314,0.0,82.81568,1.0,1.0,0.0,6,0,0,0,0,0,1,1,0,0,0
4581457203,23.549538,23.551804,0.062,0.06274769,0.0,82.82446,1.0,1.0,0.0,6,0,0,0,0,0,1,1,0,0,0
4581951009,23.509144,23.548746,0.062,0.062937945,0.0,82.833176,1.0,1.0,0.0,6,0,0,0,0,0,1,1,0,0,0
4582456349,23.569735,23.54744,0.049599998,0.062620915,0.0,82.84197,1.0,1.0,0.0,6,0,0,0,0,0,1,1,0,0,0
4582961902,23.610128,23.56177,0.062,0.06344711,0.0,82.85097,1.0,1.0,0.0,6,0,0,0,0,0,1,1,0,0,0
4583455787,23.448553,23.555939,0.062,0.0632667,0.0,82.85955,1.0,1.0,0.0,6,0,0,0,0,0,1,1,0,0,0
4583961355,23.52934,23.554354,0.062,0.06262387,0.0,82.868286,1.0,1.0,0.0,6,0,0,0,0,0,1,1,0,0,0
4584466786,23.488947,23.548155,0.0744,0.06184719,0.0,82.87686,1.0,1.0,0.0,6,0,0,0,0,0,1,1,0,0,0
4584960871,23.46875,23.537865,0.062,0.061358865,0.0,82.885216,1.0,1.0,0.0,6,0,0,0,0,0,1,1,0,0,0
4585466025,23.46875,23.523163,0.062,0.061756548,0.0,82.89388,1.0,1.0,0.0,6,0,0,0,0,0,1,1,0,0,0
4585971739,23.488947,23.507025,0.062,0.061726686,0.0,82.90252,1.0,1.0,0.0,6,0,0,0,0,0,1,1,0,0,0
4586465368,23.509144,23.507956,0.0744,0.062950596,0.0,82.91128,1.0,1.0,0.0,6,0,0,0,0,0,1,1,0,0,0
4586971005,23.46875,23.493216,0.062,0.06295876,0.0,82.92022,1.0,1.0,0.0,6,0,0,0,0,0,1,1,0,0,0
4587476358,23.52934,23.485802,0.062,0.06325402,0.0,82.92906,1.0,1.0,0.0,6,0,0,0,0,0,1,1,0,0,0
4587969943,23.509144,23.48986,0.0744,0.06365215,0.0,82.93781,1.0,1.0,0.0,6,0,0,0,0,0,1,1,0,0,0
4588475583,23.509144,23.50296,0.062,0.062334687,0.0,82.946495,1.0,1.0,0.0,6,0,0,0,0,0,1,1,0,0,0
4588981359,23.549538,23.513393,0.062,0.0625985,0.0,82.95531,1.0,1.0,0.0,6,0,0,0,0,0,1,1,0,0,0
4589474655,23.549538,23.519722,0.062,0.06322997,0.0,82.96407,1.0,1.0,0.0,6,0,0,0,0,0,1,1,0,0,0
4589980555,23.549538,23.522524,0.062,0.06445694,0.0,82.97322,1.0,1.0,0.0,6,0,0,0,0,0,1,1,0,0,0
4590486012,23.549538,23.532028,0.062,0.06358002,0.0,82.98216,1.0,1.0,0.0,6,0,0,0,0,0,1,1,0,0,0
4590979592,23.549538,23.540499,0.0744,0.06389298,0.0,82.99086,1.0,1.0,0.0,6,0,0,0,0,0,1,1,0,0,0
4591485316,23.589931,23.548328,0.0744,0.06427981,0.0,83.00002,1.0,1.0,0.0,6,0,0,0,0,0,1,1,0,0,0
4591990794,23.589931,23.561861,0.062,0.06361429,0.0,83.00893,1.0,1.0,0.0,6,0,0,0,0,0,1,1,0,0,0
4592484413,23.509144,23.556416,0.062,0.0629997,0.0,83.01749,1.0,1.0,0.0,6,0,0,0,0,0,1,1,0,0,0
4592989944,23.509144,23.550192,0.0744,0.062191408,0.0,83.02618,1.0,1.0,0.0,6,0,0,0,0,0,1,1,0,0,0
4593495585,23.589931,23.546919,0.062,0.062420286,0.0,83.03496,1.0,1.0,0.0,6,0,0,0,0,0,1,1,0,0,0
4593989391,23.52934,23.538979,0.049599998,0.06114335,0.0,83.04322,1.0,1.0,0.0,6,0,0,0,0,0,1,1,0,0,0
4594494945,23.549538,23.537516,0.062,0.062296305,0.0,83.0521,1.0,1.0,0.0,6,0,0,0,0,0,1,1,0,0,0
4594999522,23.509144,23.540165,0.062,0.062431533,0.0,83.061005,1.0,1.0,0.0,6,0,0,0,0,0,1,1,0,0,0
4595494017,23.46875,23.525835,0.062,0.061381586,0.0,83.06935,1.0,1.0,0.0,6,0,0,0,0,0,1,1,0,0,0
4595998779,23.52934,23.51725,0.049599998,0.061015822,0.0,83.07791,1.0,1.0,0.0,6,0,0,0,0,0,1,1,0,0,0
4596504330,23.488947,23.515965,0.062,0.061060905,0.0,83.08648,1.0,1.0,0.0,6,0,0,0,0,0,1,1,0,0,0
4596997887,23.448553,23.512018,0.049599998,0.060788516,0.0,83.09484,1.0,1.0,0.0,6,0,0,0,0,0,1,1,0,0,0
4597504579,23.46875,23.484116,0.062,0.060788278,0.0,83.103355,1.0,1.0,0.0,6,0,0,0,0,0,1,1,0,0,0
4598009968,23.509144,23.480192,0.062,0.060459178,0.0,83.1118,1.0,1.0,0.0,6,0,0,0,0,0,1,1,0,0,0
4598503555,23.509144,23.481956,0.062,0.06155884,0.0,83.120316,1.0,1.0,0.0,6,0,0,0,0,0,1,1,0,0,0
4599009346,23.327372,23.503708,0.062,0.06070173,0.0,83.12875,1.0,1.0,0.0,6,0,0,0,0,0,1,1,0,0,0
4599513934,23.509144,23.481825,0.062,0.062043622,0.0,83.13754,1.0,1.0,0.0,6,0,0,0,0,0,1,1,0,0,0
4600007743,23.367765,23.452713,0.049599998,0.06192033,0.0,83.14603,1.0,1.0,0.0,6,0,0,0,0,0,1,1,0,0,0
4600513134,23.387962,23.4141,0.062,0.061959326,0.0,83.154724,1.0,1.0,0.0,6,0,0,0,0,0,1,1,0,0,0
4601018912,23.226387,23.360285,0.049599998,0.062187936,0.0,83.163506,0.98213166,1.0016521,0.0,6,0,0,0,0,0,1,1,0,0,0
4601512543,23.185993,23.301619,0.062,0.062985264,0.0,83.17226,0.9549777,1.0041733,0.0,6,0,0,0,0,0,1,1,0,0,0
4602017991,23.307175,23.289164,0.062,0.061898414,0.0,83.18086,0.94920224,1.0047112,0.0,6,0,0,0,0,0,1,1,0,0,0
4602523527,23.307175,23.30452,0.0744,0.061921302,0.0,83.1895,0.9563119,1.0040491,0.0,6,0,0,0,0,0,1,1,0,0,0
4603029066,23.52934,23.350426,0.062,0.060207244,0.0,83.1978,0.97755116,1.0020765,0.0,6,0,0,0,0,0,1,1,0,0,0
4603523466,23.488947,23.381996,0.062,0.0610975,0.0,83.206245,0.99217385,1.0007229,0.0,6,0,0,0,0,0,1,1,0,0,0
4604028425,23.448553,23.409657,0.062,0.06213184,0.0,83.21508,1.0,1.0,0.0,6,0,0,0,0,0,1,1,0,0,0
4604521884,23.347569,23.409508,0.0744,0.0612857,0.0,83.223366,1.0,1.0,0.0,6,0,0,0,0,0,1,1,0,0,0
4605027589,23.347569,23.393345,0.0744,0.061764333,0.0,83.232025,0.99743336,1.000237,0.0,6,0,0,0,0,0,1,1,0,0,0
4605533172,23.286978,23.392933,0.062,0.060741566,0.0,83.24039,0.99723405,1.0002553,0.0,6,0,0,0,0,0,1,1,0,0,0
4606038802,23.387962,23.399277,0.062,0.06092472,0.0,83.24898,1.0,1.0,0.0,6,0,0,0,0,0,1,1,0,0,0
4606532298,23.347569,23.367462,0.062,0.06155891,0.0,83.257484,0.9854495,1.0013449,0.0,6,0,0,0,0,0,1,1,0,0,0
4607037892,23.26678,23.340666,0.062,0.06279361,0.0,83.266365,0.97305363,1.0024936,0.0,6,0,0,0,0,0,1,1,0,0,0
4607543779,23.307175,23.323414,0.062,0.061610162,0.0,83.27487,0.9650561,1.003236,0.0,6,0,0,0,0,0,1,1,0,0,0
4608037231,23.185993,23.288736,0.062,0.06226208,0.0,83.28356,0.9490077,1.0047293,0.0,6,0,0,0,0,0,1,1,0,0,0
4608542780,23.185993,23.24837,0.0744,0.063811354,0.0,83.2927,0.9303319,1.0064725,0.0,6,0,0,0,0,0,1,1,0,0,0
4609048325,23.185993,23.217443,0.062,0.062439412,0.0,83.301315,0.9160029,1.0078142,0.0,6,0,0,0,0,0,1,1,0,0,0
4609542009,23.20619,23.199913,0.062,0.06280075,0.0,83.30998,0.90789,1.0085753,0.0,6,0,0,0,0,0,1,1,0,0,0
4610047608,23.1456,23.200516,0.062,0.061940487,0.0,83.31863,0.9081618,1.0085498,0.0,6,0,0,0,0,0,1,1,0,0,0
4610553193,23.165796,23.182032,0.0372,0.060471848,0.0,83.32695,0.89959306,1.0093551,0.0,6,0,0,0,0,0,1,1,0,0,0
4611046784,23.105206,23.171068,0.0744,0.06130887,0.0,83.33542,0.8945233,1.009832,0.0,6,0,0,0,0,0,1,1,0,0,0
4611552340,23.1456,23.162207,0.062,0.06094597,0.0,83.34387,0.89041775,1.0102186,0.0,6,0,0,0,0,0,1,1,0,0,0
4612058286,23.1456,23.155619,0.062,0.061045945,0.0,83.35243,0.88736886,1.0105059,0.0,6,0,0,0,0,0,1,1,0,0,0
4612551746,23.08501,23.148314,0.062,0.0625663,0.0,83.36114,0.8839995,1.0108236,0.0,6,0,0,0,0,0,1,1,0,0,0
4613057165,23.165796,23.137575,0.0744,0.06281075,0.0,83.36987,0.8790299,1.0112926,0.0,6,0,0,0,0,0,1,1,0,0,0
4613562732,23.20619,23.136236,0.062,0.06305546,0.0,83.378746,0.87841195,1.0113509,0.0,6,0,0,0,0,0,1,1,0,0,0
4614056393,23.20619,23.158213,0.062,0.06330275,0.0,83.38743,0.8885886,1.010391,0.0,6,0,0,0,0,0,1,1,0,0,0
4614561915,23.165796,23.17003,0.062,0.062308356,0.0,83.396034,0.89405125,1.0098765,0.0,6,0,0,0,0,0,1,1,0,0,0
4615067748,23.226387,23.186638,0.062,0.06123721,0.0,83.40448,0.90173215,1.009154,0.0,6,0,0,0,0,0,1,1,0,0,0
4615561199,23.226387,23.195892,0.062,0.061904587,0.0,83.41296,0.9060218,1.0087508,0.0,6,0,0,0,0,0,1,1,0,0,0
4616066704,23.185993,23.190454,0.062,0.0616982,0.0,83.421715,0.90350217,1.0089875,0.0,6,0,0,0,0,0,1,1,0,0,0
4616572412,23.26678,23.208887,0.062,0.061845366,0.0,83.43043,0.9120366,1.0081861,0.0,6,0,0,0,0,0,1,1,0,0,0
4617066297,23.26678,23.221504,0.049599998,0.06205741,0.0,83.43906,0.91787976,1.0076382,0.0,6,0,0,0,0,0,1,1,0,0,0
4617571620,23.26678,23.238272,0.049599998,0.0616963,0.0,83.44771,0.92563885,1.0069115,0.0,6,0,0,0,0,0,1,1,0,0,0
4618077204,23.286978,23.25549,0.0744,0.06159773,0.0,83.45627,0.93360966,1.0061661,0.0,6,0,0,0,0,0,1,1,0,0,0
4618570941,23.226387,23.267025,0.062,0.061619435,0.0,83.46466,0.93895024,1.0056673,0.0,6,0,0,0,0,0,1,1,0,0,0
4619076406,23.286978,23.26878,0.062,0.06276765,0.0,83.47361,0.93977326,1.0055904,0.0,6,0,0,0,0,0,1,1,0,0,0
4619582025,23.20619,23.257334,0.062,0.06244126,0.0,83.48236,0.93447083,1.0060856,0.0,6,0,0,0,0,0,1,1,0,0,0
4620075753,23.26678,23.24877,0.062,0.06226684,0.0,83.49085,0.9305045,1.0064564,0.0,6,0,0,0,0,0,1,1,0,0,0
4622085930,23.165796,23.227777,0.062,0.06217626,0.0,83.525375,0.92078465,1.0073661,0.0,6,0,0,0,0,0,1,1,0,0,0
4622591489,23.246584,23.223375,0.0744,0.06297869,0.0,83.53424,0.9187533,1.0075563,0.0,6,0,0,0,0,0,1,1,0,0,0
4623085050,23.226387,23.227526,0.062,0.06259198,0.0,83.542755,0.9206721,1.0073766,0.0,6,0,0,0,0,0,1,1,0,0,0
4623590963,23.125402,23.203823,0.062,0.06352439,0.0,83.55174,0.9097058,1.008405,0.0,6,0,0,0,0,0,1,1,0,0,0
4624096562,23.08501,23.175732,0.062,0.06471926,0.0,83.56088,0.89671105,1.0096262,0.0,6,0,0,0,0,0,1,1,0,0,0
4624589987,23.125402,23.151804,0.062,0.06337949,0.0,83.56944,0.8856217,1.0106707,0.0,6,0,0,0,0,0,1,1,0,0,0
4625095761,23.1456,23.138103,0.062,0.06335674,0.0,83.57835,0.8792798,1.011269,0.0,6,0,0,0,0,0,1,1,0,0,0
4625601215,23.226387,23.143444,0.062,0.063643284,0.0,83.587234,0.8817546,1.0110354,0.0,6,0,0,0,0,0,1,1,0,0,0
4626094757,23.1456,23.153095,0.062,0.06327426,0.0,83.59584,0.8862197,1.0106143,0.0,6,0,0,0,0,0,1,1,0,0,0
4626600384,23.105206,23.161242,0.062,0.063808836,0.0,83.60479,0.8899953,1.0102584,0.0,6,0,0,0,0,0,1,1,0,0,0
4627105929,23.20619,23.166136,0.062,0.06274408,0.0,83.6135,0.8922526,1.0100458,0.0,6,0,0,0,0,0,1,1,0,0,0
4627599605,23.26678,23.171093,0.062,0.062203556,0.0,83.621956,0.8945424,1.0098302,0.0,6,0,0,0,0,0,1,1,0,0,0
4628105417,23.26678,23.188017,0.062,0.0622985,0.0,83.63074,0.90237874,1.0090932,0.0,6,0,0,0,0,0,1,1,0,0,0
4628610922,23.165796,23.192984,0.062,0.062741175,0.0,83.63963,0.90468186,1.0088767,0.0,6,0,0,0,0,0,1,1,0,0,0
4629104340,23.185993,23.192007,0.062,0.061917122,0.0,83.64805,0.9042222,1.00892,0.0,6,0,0,0,0,0,1,1,0,0,0
4629610172,23.226387,23.187632,0.062,0.061833955,0.0,83.65678,0.90219563,1.0091103,0.0,6,0,0,0,0,0,1,1,0,0,0
4630115767,23.185993,23.19546,0.049599998,0.060519952,0.0,83.66521,0.9058091,1.0087708,0.0,6,0,0,0,0,0,1,1,0,0,0
4630609329,23.08501,23.17812,0.0868,0.06176362,0.0,83.67376,0.89779156,1.0095245,0.0,6,0,0,0,0,0,1,1,0,0,0
4631114826,23.08501,23.167028,0.062,0.062040314,0.0,83.68253,0.89265984,1.0100075,0.0,6,0,0,0,0,0,1,1,0,0,0
4631620406,23.226387,23.163155,0.049599998,0.06312611,0.0,83.6915,0.8908755,1.0101756,0.0,6,0,0,0,0,0,1,1,0,0,0
4632113994,23.08501,23.154728,0.062,0.06203378,0.0,83.69988,0.88696545,1.0105441,0.0,6,0,0,0,0,0,1,1,0,0,0
4632619746,23.165796,23.148289,0.062,0.061443992,0.0,83.70841,0.88397855,1.0108256,0.0,6,0,0,0,0,0,1,1,0,0,0
4633125232,23.185993,23.147123,0.062,0.06032562,0.0,83.71674,0.8834302,1.0108774,0.0,6,0,0,0,0,0,1,1,0,0,0
4633618780,23.105206,23.13986,0.0744,0.0608551,0.0,83.72511,0.8800723,1.0111942,0.0,6,0,0,0,0,0,1,1,0,0,0
4634125409,23.105206,23.12535,0.0744,0.062006786,0.0,83.73394,0.87336415,1.0118277,0.0,6,0,0,0,0,0,1,1,0,0,0
4634629929,23.185993,23.115128,0.062,0.06301954,0.0,83.74295,0.86863965,1.0122744,0.0,6,0,0,0,0,0,1,1,0,0,0
4635124291,23.105206,23.111261,0.012399999,0.061184246,0.0,83.75124,0.86683434,1.0124452,0.0,6,0,0,0,0,0,1,1,0,0,0
4635629251,23.165796,23.11532,0.062,0.061535966,0.0,83.759895,0.86871594,1.0122671,0.0,6,0,0,0,0,0,1,1,0,0,0
4636134784,23.20619,23.153206,0.062,0.06282549,0.0,83.7688,0.88626736,1.0106099,0.0,6,0,0,0,0,0,1,1,0,0,0
4636628584,23.26678,23.176516,0.062,0.06306043,0.0,83.77743,0.8970601,1.0095932,0.0,6,0,0,0,0,0,1,1,0,0,0
4637134815,23.185993,23.191599,0.062,0.061683204,0.0,83.785934,0.90403146,1.0089378,0.0,6,0,0,0,0,0,1,1,0,0,0
4637627598,23.185993,23.20339,0.062,0.062386174,0.0,83.79454,0.909496,1.0084246,0.0,6,0,0,0,0,0,1,1,0,0,0
4638133203,23.26678,23.216562,0.062,0.060368307,0.0,83.802795,0.9155776,1.0078541,0.0,6,0,0,0,0,0,1,1,0,0,0
4638639511,23.26678,23.23472,0.0744,0.0605602,0.0,83.81128,0.92398614,1.0070662,0.0,6,0,0,0,0,0,1,1,0,0,0
4639132299,23.387962,23.249897,0.062,0.0614562,0.0,83.81981,0.9310195,1.0064082,0.0,6,0,0,0,0,0,1,1,0,0,0
4639638987,23.165796,23.259237,0.062,0.060823914,0.0,83.82819,0.9353387,1.0060046,0.0,6,0,0,0,0,0,1,1,0,0,0
4640144336,23.428356,23.27876,0.062,0.06070507,0.0,83.83673,0.94437665,1.0051609,0.0,6,0,0,0,0,0,1,1,0,0,0
4640637974,23.26678,23.296362,0.062,0.061637003,0.0,83.84533,0.9525325,1.004401,0.0,6,0,0,0,0,0,1,1,0,0,0
4641143757,23.185993,23.271355,0.062,0.06104557,0.0,83.85374,0.9409501,1.0054806,0.0,6,0,0,0,0,0,1,1,0,0,0
4641649133,23.125402,23.227484,0.062,0.06068156,0.0,83.86221,0.92063683,1.0073799,0.0,6,0,0,0,0,0,1,1,0,0,0
4642154924,23.165796,23.20671,0.062,0.061059464,0.0,83.87078,0.91102284,1.0082814,0.0,6,0,0,0,0,0,1,1,0,0,0
4642661726,23.105206,23.16977,0.062,0.061110646,0.0,83.87937,0.8939206,1.0098888,0.0,6,0,0,0,0,0,1,1,0,0,0
4643154008,23.1456,23.159636,0.062,0.062243547,0.0,83.88797,0.889239,1.0103297,0.0,6,0,0,0,0,0,1,1,0,0,0
4643660455,23.185993,23.16292,0.049599998,0.060495924,0.0,83.89629,0.89074486,1.0101879,0.0,6,0,0,0,0,0,1,1,0,0,0
4644165392,23.1456,23.162987,0.062,0.05987019,0.0,83.904686,0.89076966,1.0101855,0.0,6,0,0,0,0,0,1,1,0,0,0
4644670936,23.1456,23.154167,0.062,0.06203146,0.0,83.9136,0.8867051,1.0105685,0.0,6,0,0,0,0,0,1,1,0,0,0
4645176539,23.08501,23.12791,0.049599998,0.06049487,0.0,83.92188,0.8745362,1.011717,0.0,6,0,0,0,0,0,1,1,0,0,0
4645681995,23.165796,23.140553,0.0744,0.06162787,0.0,83.93065,0.88039845,1.0111634,0.0,6,0,0,0,0,0,1,1,0,0,0
4646175856,23.044617,23.138948,0.0744,0.062426817,0.0,83.93923,0.87966317,1.0112329,0.0,6,0,0,0,0,0,1,1,0,0,0
4646681233,23.105206,23.13544,0.062,0.06194401,0.0,83.94786,0.8780343,1.0113865,0.0,6,0,0,0,0,0,1,1,0,0,0
4647186859,23.08501,23.114285,0.049599998,0.061439596,0.0,83.95655,0.86823624,1.0123125,0.0,6,0,0,0,0,0,1,1,0,0,0
4647680390,23.02442,23.09592,0.0744,0.061560288,0.0,83.96496,0.85973614,1.0131172,0.0,6,0,0,0,0,0,1,1,0,0,0
4648186162,23.044617,23.080383,0.062,0.062405277,0.0,83.973785,0.8525483,1.0137987,0.0,6,0,0,0,0,0,1,1,0,0,0
4648691539,23.125402,23.091745,0.062,0.061145686,0.0,83.9822,0.8577983,1.0133009,0.0,6,0,0,0,0,0,1,1,0,0,0
4649185472,23.105206,23.104023,0.062,0.061545603,0.0,83.99062,0.863486,1.0127621,0.0,6,0,0,0,0,0,1,1,0,0,0
4649690975,23.02442,23.08857,0.062,0.06105809,0.0,83.99913,0.8563277,1.0134403,0.0,6,0,0,0,0,0,1,1,0,0,0
4650196616,23.125402,23.077915,0.062,0.061483465,0.0,84.00784,0.8513991,1.0139078,0.0,6,0,0,0,0,0,1,1,0,0,0
4650689974,23.02442,23.068653,0.062,0.06122807,0.0,84.01621,0.84710854,1.014315,0.0,6,0,0,0,0,0,1,1,0,0,0
4651195562,23.125402,23.081242,0.049599998,0.06190891,0.0,84.02495,0.85294217,1.0137614,0.0,6,0,0,0,0,0,1,1,0,0,0
4651701708,23.08501,23.095463,0.049599998,0.061274894,0.0,84.03344,0.85952157,1.0131376,0.0,6,0,0,0,0,0,1,1,0,0,0
4652195764,23.125402,23.100632,0.062,0.061105233,0.0,84.041824,0.8619124,1.0129111,0.0,6,0,0,0,0,0,1,1,0,0,0
4652700422,23.1456,23.119703,0.049599998,0.0608462,0.0,84.050385,0.87073964,1.0120758,0.0,6,0,0,0,0,0,1,1,0,0,0
4653206023,23.185993,23.126007,0.062,0.060925942,0.0,84.05906,0.8736598,1.0117998,0.0,6,0,0,0,0,0,1,1,0,0,0
4653700560,23.064814,23.12028,0.049599998,0.06077754,0.0,84.067406,0.87100667,1.0120505,0.0,6,0,0,0,0,0,1,1,0,0,0
4654205992,23.02442,23.08785,0.062,0.06139338,0.0,84.076096,0.85599774,1.0134716,0.0,6,0,0,0,0,0,1,1,0,0,0
4654711621,23.105206,23.077637,0.062,0.060157977,0.0,84.08439,0.85125893,1.0139211,0.0,6,0,0,0,0,0,1,1,0,0,0
4655205358,23.125402,23.078573,0.062,0.061021365,0.0,84.09283,0.85169953,1.0138793,0.0,6,0,0,0,0,0,1,1,0,0,0
4655710872,23.08501,23.080425,0.049599998,0.061316967,0.0,84.10148,0.85255975,1.0137976,0.0,6,0,0,0,0,0,1,1,0,0,0
4656216585,23.1456,23.077507,0.062,0.061519876,0.0,84.110176,0.8512103,1.0139257,0.0,6,0,0,0,0,0,1,1,0,0,0
4656709996,23.165796,23.093739,0.062,0.061033178,0.0,84.11853,0.8587205,1.0132135,0.0,6,0,0,0,0,0,1,1,0,0,0
4657215746,23.246584,23.133379,0.062,0.06045718,0.0,84.12704,0.8770682,1.0114778,0.0,6,0,0,0,0,0,1,1,0,0,0
4657721353,23.226387,23.161602,0.062,0.059760574,0.0,84.135315,0.89012784,1.0102459,0.0,6,0,0,0,0,0,1,1,0,0,0
4658214802,23.26678,23.181725,0.062,0.060420185,0.0,84.14369,0.89945,1.0093684,0.0,6,0,0,0,0,0,1,1,0,0,0
4658720405,23.347569,23.20993,0.062,0.060458556,0.0,84.1522,0.91250867,1.0081419,0.0,6,0,0,0,0,0,1,1,0,0,0
4659226167,23.20619,23.231981,0.049599998,0.061959945,0.0,84.16106,0.92273015,1.0071839,0.0,6,0,0,0,0,0,1,1,0,0,0
4659719595,23.185993,23.229748,0.062,0.06111848,0.0,84.16932,0.92168874,1.0072814,0.0,6,0,0,0,0,0,1,1,0,0,0
4660225444,23.246584,23.243448,0.049599998,0.06095955,0.0,84.17792,0.9280297,1.0066879,0.0,6,0,0,0,0,0,1,1,0,0,0
4660730713,23.307175,23.251707,0.062,0.061898954,0.0,84.18669,0.9318616,1.0063295,0.0,6,0,0,0,0,0,1,1,0,0,0
4661224570,23.26678,23.265623,0.062,0.060796827,0.0,84.19491,0.93829507,1.0057285,0.0,6,0,0,0,0,0,1,1,0,0,0
4661729982,23.26678,23.270117,0.049599998,0.059076868,0.0,84.20306,0.9403607,1.0055356,0.0,6,0,0,0,0,0,1,1,0,0,0
4662235825,23.226387,23.265644,0.062,0.05957479,0.0,84.211464,0.93829507,1.0057285,0.0,6,0,0,0,0,0,1,1,0,0,0
4662729327,23.26678,23.262466,0.062,0.059495028,0.0,84.21969,0.9368226,1.0058659,0.0,6,0,0,0,0,0,1,1,0,0,0
4663234746,23.347569,23.278833,0.062,0.060751464,0.0,84.22837,0.94441,1.0051578,0.0,6,0,0,0,0,0,1,1,0,0,0
4663740590,23.286978,23.286716,0.049599998,0.060788978,0.0,84.236946,0.9480607,1.0048175,0.0,6,0,0,0,0,0,1,1,0,0,0
4664234822,23.26678,23.287838,0.062,0.060835823,0.0,84.24537,0.9485795,1.0047691,0.0,6,0,0,0,0,0,1,1,0,0,0
4664740517,23.307175,23.29101,0.062,0.060265027,0.0,84.25374,0.9500434,1.0046327,0.0,6,0,0,0,0,0,1,1,0,0,0
4665233929,23.286978,23.288977,0.049599998,0.059680574,0.0,84.26187,0.94909734,1.0047208,0.0,6,0,0,0,0,0,1,1,0,0,0
4665739596,23.26678,23.287752,0.0744,0.059963834,0.0,84.270325,0.9485337,1.0047735,0.0,6,0,0,0,0,0,1,1,0,0,0
4666245348,23.327372,23.304031,0.049599998,0.059066568,0.0,84.27863,0.956062,1.0040723,0.0,6,0,0,0,0,0,1,1,0,0,0
4666738686,23.286978,23.304508,0.062,0.06047056,0.0,84.28701,0.9562947,1.0040507,0.0,6,0,0,0,0,0,1,1,0,0,0
4667244343,23.307175,23.308823,0.062,0.060135026,0.0,84.29535,0.95828885,1.0038651,0.0,6,0,0,0,0,0,1,1,0,0,0
4667749862,23.347569,23.3131,0.062,0.0595248,0.0,84.30362,0.96026486,1.0036813,0.0,6,0,0,0,0,0,1,1,0,0,0
4668243488,23.40816,23.345549,0.049599998,0.06031562,0.0,84.31195,0.97529286,1.002286,0.0,6,0,0,0,0,0,1,1,0,0,0
4668749385,23.26678,23.334185,0.062,0.059050906,0.0,84.32008,0.9700219,1.0027748,0.0,6,0,0,0,0,0,1,1,0,0,0
4669254941,23.105206,23.283081,0.024799999,0.058032993,0.0,84.32818,0.9463536,1.0049766,0.0,6,0,0,0,0,0,1,1,0,0,0
4669748368,23.1456,23.242962,0.062,0.059223905,0.0,84.33647,0.92779034,1.0067103,0.0,6,0,0,0,0,0,1,1,0,0,0
4670254019,23.286978,23.231644,0.049599998,0.060054913,0.0,84.345,0.92255753,1.0072,0.0,6,0,0,0,0,0,1,1,0,0,0
4670759748,23.286978,23.242077,0.062,0.06008041,0.0,84.353355,0.9273879,1.006748,0.0,6,0,0,0,0,0,1,1,0,0,0
4671253354,23.26678,23.253202,0.062,0.059349548,0.0,84.36142,0.93253297,1.0062667,0.0,6,0,0,0,0,0,1,1,0,0,0
4671759540,23.286978,23.275904,0.062,0.059446443,0.0,84.3698,0.9430434,1.0052854,0.0,6,0,0,0,0,0,1,1,0,0,0
4672265337,23.387962,23.297506,0.062,0.058406387,0.0,84.37788,0.95303506,1.0043541,0.0,6,0,0,0,0,0,1,1,0,0,0
4672758813,23.26678,23.305634,0.062,0.05838734,0.0,84.38585,0.95679826,1.0040038,0.0,6,0,0,0,0,0,1,1,0,0,0
4673264532,23.185993,23.27024,0.062,0.060014226,0.0,84.39438,0.9404256,1.0055295,0.0,6,0,0,0,0,0,1,1,0,0,0
4673769994,23.125402,23.225393,0.049599998,0.059658695,0.0,84.40269,0.9196612,1.0074713,0.0,6,0,0,0,0,0,1,1,0,0,0
4674263738,23.20619,23.207415,0.062,0.059884235,0.0,84.410866,0.91133946,1.0082515,0.0,6,0,0,0,0,0,1,1,0,0,0
4674769107,23.286978,23.216808,0.062,0.061069362,0.0,84.419525,0.9156968,1.0078429,0.0,6,0,0,0,0,0,1,1,0,0,0
4675275054,23.226387,23.225073,0.062,0.060130015,0.0,84.42785,0.91951627,1.0074848,0.0,6,0,0,0,0,0,1,1,0,0,0
4675768525,23.307175,23.237186,0.062,0.059161592,0.0,84.43584,0.92511624,1.0069605,0.0,6,0,0,0,0,0,1,1,0,0,0
4676273945,23.26678,23.250475,0.049599998,0.060835924,0.0,84.44446,0.93128175,1.0063837,0.0,6,0,0,0,0,0,1,1,0,0,0
4676779557,23.307175,23.223475,0.0744,0.061908234,0.0,84.45321,0.9187905,1.0075529,0.0,6,0,0,0,0,0,1,1,0,0,0
4677273391,23.185993,23.238714,0.062,0.059804503,0.0,84.46117,0.9258296,1.0068938,0.0,6,0,0,0,0,0,1,1,0,0,0
4677779042,23.064814,23.20538,0.049599998,0.060348753,0.0,84.46972,0.9104001,1.0083398,0.0,6,0,0,0,0,0,1,1,0,0,0
4678284417,23.064814,23.156597,0.062,0.05908121,0.0,84.47781,0.88780564,1.0104648,0.0,6,0,0,0,0,0,1,1,0,0,0
4678778946,23.1456,23.127296,0.062,0.059627652,0.0,84.48608,0.8742444,1.0117446,0.0,6,0,0,0,0,0,1,1,0,0,0
4679284273,23.307175,23.20608,0.062,0.059262317,0.0,84.49435,0.91071576,1.0083101,0.0,6,0,0,0,0,0,1,1,0,0,0
4679789931,23.367765,23.221962,0.049599998,0.059220146,0.0,84.50272,0.9180686,1.0076206,0.0,6,0,0,0,0,0,1,1,0,0,0
4680283575,23.246584,23.26362,0.062,0.0598805,0.0,84.51091,0.9373595,1.0058159,0.0,6,0,0,0,0,0,1,1,0,0,0
4680789227,23.26678,23.263664,0.062,0.060772445,0.0,84.51954,0.9373881,1.0058131,0.0,6,0,0,0,0,0,1,1,0,0,0
4681294939,23.226387,23.26398,0.062,0.061222903,0.0,84.528145,0.93753785,1.0057992,0.0,6,0,0,0,0,0,1,1,0,0,0
4681788382,23.26678,23.273375,0.0868,0.060513485,0.0,84.53635,0.9418809,1.0053937,0.0,6,0,0,0,0,0,1,1,0,0,0
4682294138,23.26678,23.282127,0.062,0.060113173,0.0,84.54478,0.9459302,1.0050161,0.0,6,0,0,0,0,0,1,1,0,0,0
4682799479,23.327372,23.271715,0.062,0.06028981,0.0,84.55319,0.94111127,1.0054656,0.0,6,0,0,0,0,0,1,1,0,0,0
4683293170,23.307175,23.274696,0.0744,0.060308006,0.0,84.56144,0.94249123,1.0053368,0.0,6,0,0,0,0,0,1,1,0,0,0
4683798761,23.20619,23.260592,0.062,0.06017314,0.0,84.56982,0.9359605,1.0059465,0.0,6,0,0,0,0,0,1,1,0,0,0
4684304345,23.26678,23.255527,0.062,0.059490856,0.0,84.578064,0.9336106,1.0061661,0.0,6,0,0,0,0,0,1,1,0,0,0
4684798790,23.26678,23.252058,0.062,0.05945906,0.0,84.586235,0.9320037,1.0063162,0.0,6,0,0,0,0,0,1,1,0,0,0
4685304379,23.286978,23.265162,0.049599998,0.059241198,0.0,84.594475,0.9380681,1.0057497,0.0,6,0,0,0,0,0,1,1,0,0,0
4685809959,23.367765,23.284004,0.049599998,0.059637018,0.0,84.60287,0.94679517,1.0049355,0.0,6,0,0,0,0,0,1,1,0,0,0
4686303495,23.347569,23.293455,0.0868,0.0585038,0.0,84.61078,0.95116013,1.0045288,0.0,6,0,0,0,0,0,1,1,0,0,0
4686809136,23.26678,23.299475,0.049599998,0.05871233,0.0,84.619,0.95394963,1.004269,0.0,6,0,0,0,0,0,1,1,0,0,0
4687314654,23.286978,23.301788,0.049599998,0.05837994,0.0,84.62719,0.9550187,1.0041695,0.0,6,0,0,0,0,0,1,1,0,0,0
4687808516,23.226387,23.292517,0.062,0.05902938,0.0,84.6353,0.950731,1.0045687,0.0,6,0,0,0,0,0,1,1,0,0,0
4688314027,23.26678,23.273714,0.062,0.059916068,0.0,84.6438,0.94203347,1.0053796,0.0,6,0,0,0,0,0,1,1,0,0,0
4688819591,23.246584,23.286158,0.062,0.059881907,0.0,84.65214,0.94779366,1.0048424,0.0,6,0,0,0,0,0,1,1,0,0,0
4689313333,23.307175,23.2831,0.062,0.060196213,0.0,84.66042,0.9463813,1.004974,0.0,6,0,0,0,0,0,1,1,0,0,0
4689819633,23.347569,23.291634,0.062,0.058439612,0.0,84.66854,0.9503171,1.0046073,0.0,6,0,0,0,0,0,1,1,0,0,0
4690325368,23.286978,23.291609,0.062,0.058758188,0.0,84.67682,0.9503085,1.004608,0.0,6,0,0,0,0,0,1,1,0,0,0
4690818918,23.347569,23.306585,0.049599998,0.057910375,0.0,84.68475,0.95723504,1.0039632,0.0,6,0,0,0,0,0,1,1,0,0,0
4691324341,23.347569,23.312859,0.062,0.05927588,0.0,84.693146,0.9601504,1.003692,0.0,6,0,0,0,0,0,1,1,0,0,0
4691830238,23.367765,23.323421,0.062,0.059044387,0.0,84.701355,0.96503896,1.0032376,0.0,6,0,0,0,0,0,1,1,0,0,0
4692323562,23.347569,23.326681,0.062,0.060330145,0.0,84.70977,0.96655816,1.0030966,0.0,6,0,0,0,0,0,1,1,0,0,0
4692829111,23.26678,23.327166,0.062,0.05990788,0.0,84.718094,0.9667794,1.003076,0.0,6,0,0,0,0,0,1,1,0,0,0
4693334827,23.286978,23.322584,0.062,0.05915392,0.0,84.726295,0.96465176,1.0032736,0.0,6,0,0,0,0,0,1,1,0,0,0
4693828366,23.226387,23.310926,0.062,0.058911074,0.0,84.73434,0.959253,1.0037755,0.0,6,0,0,0,0,0,1,1,0,0,0
4694334136,23.226387,23.290531,0.062,0.059413392,0.0,84.74269,0.9498145,1.004654,0.0,6,0,0,0,0,0,1,1,0,0,0
4694839585,23.26678,23.290691,0.062,0.058636766,0.0,84.75086,0.9498822,1.0046477,0.0,6,0,0,0,0,0,1,1,0,0,0
4695334009,23.20619,23.284283,0.062,0.061061144,0.0,84.75953,0.94693536,1.0049224,0.0,6,0,0,0,0,0,1,1,0,0,0
4695839525,23.185993,23.269337,0.062,0.058727022,0.0,84.76758,0.9399964,1.0055696,0.0,6,0,0,0,0,0,1,1,0,0,0
4696345277,23.165796,23.24125,0.062,0.058684893,0.0,84.77583,0.9269931,1.0067848,0.0,6,0,0,0,0,0,1,1,0,0,0
4696838781,23.185993,23.210857,0.062,0.05866112,0.0,84.78383,0.91292256,1.0081031,0.0,6,0,0,0,0,0,1,1,0,0,0
4697344320,23.125402,23.20351,0.062,0.059202604,0.0,84.79221,0.9095256,1.0084218,0.0,6,0,0,0,0,0,1,1,0,0,0
4697849898,23.125402,23.181496,0.062,0.05913048,0.0,84.80047,0.8993327,1.0093795,0.0,6,0,0,0,0,0,1,1,0,0,0
4698343519,23.226387,23.174711,0.062,0.058750007,0.0,84.80847,0.89618844,1.0096753,0.0,6,0,0,0,0,0,1,1,0,0,0
4698849186,23.226387,23.1919,0.062,0.059047546,0.0,84.81682,0.90414876,1.0089269,0.0,6,0,0,0,0,0,1,1,0,0,0
4699355584,23.1456,23.195604,0.049599998,0.058235414,0.0,84.82496,0.90585774,1.0087662,0.0,6,0,0,0,0,0,1,1,0,0,0
4699849211,23.347569,23.205605,0.049599998,0.058545437,0.0,84.83306,0.91048974,1.0083313,0.0,6,0,0,0,0,0,1,1,0,0,0
4700354643,23.26678,23.224998,0.049599998,0.05767443,0.0,84.84111,0.9194619,1.0074899,0.0,6,0,0,0,0,0,1,1,0,0,0
4700860398,23.185993,23.22573,0.049599998,0.05911014,0.0,84.8496,0.91981286,1.0074571,0.0,6,0,0,0,0,0,1,1,0,0,0
4701353967,23.165796,23.22383,0.062,0.059313454,0.0,84.85783,0.9189326,1.0075396,0.0,6,0,0,0,0,0,1,1,0,0,0
4701859608,23.1456,23.190727,0.062,0.058207523,0.0,84.865776,0.9035985,1.0089785,0.0,6,0,0,0,0,0,1,1,0,0,0
4702365334,23.1456,23.169134,0.062,0.059302904,0.0,84.87423,0.8936116,1.0099179,0.0,6,0,0,0,0,0,1,1,0,0,0
4702858654,23.125402,23.152527,0.049599998,0.059717845,0.0,84.882484,0.88592595,1.0106419,0.0,6,0,0,0,0,0,1,1,0,0,0
4703364328,23.1456,23.14798,0.049599998,0.059279103,0.0,84.89076,0.8838183,1.0108408,0.0,6,0,0,0,0,0,1,1,0,0,0
4703870924,23.286978,23.163769,0.062,0.059860364,0.0,84.89927,0.89113206,1.0101514,0.0,6,0,0,0,0,0,1,1,0,0,0
4704364393,23.26678,23.202393,0.062,0.058770027,0.0,84.90719,0.9090039,1.0084708,0.0,6,0,0,0,0,0,1,1,0,0,0
4704870220,23.26678,23.211853,0.049599998,0.058637854,0.0,84.91549,0.9133832,1.0080599,0.0,6,0,0,0,0,0,1,1,0,0,0
4705375550,23.367765,23.251286,0.049599998,0.05833433,0.0,84.92366,0.9316365,1.0063505,0.0,6,0,0,0,0,0,1,1,0,0,0
4705869181,23.347569,23.277706,0.049599998,0.059084713,0.0,84.931786,0.94387406,1.0052078,0.0,6,0,0,0,0,0,1,1,0,0,0
4706374735,23.226387,23.278063,0.062,0.059412554,0.0,84.940186,0.94404286,1.005192,0.0,6,0,0,0,0,0,1,1,0,0,0
4706880419,23.26678,23.250357,0.049599998,0.057551507,0.0,84.94815,0.9311997,1.0063914,0.0,6,0,0,0,0,0,1,1,0,0,0
4707373929,23.165796,23.237852,0.049599998,0.05683743,0.0,84.95589,0.9254052,1.0069335,0.0,6,0,0,0,0,0,1,1,0,0,0
4707880621,23.307175,23.23332,0.049599998,0.05779386,0.0,84.96415,0.92331475,1.0071291,0.0,6,0,0,0,0,0,1,1,0,0,0
4708374132,23.20619,23.238226,0.062,0.06016177,0.0,84.97261,0.9256055,1.0069146,0.0,6,0,0,0,0,0,1,1,0,0,0
4708879467,23.26678,23.230528,0.062,0.059037264,0.0,84.98078,0.92203206,1.0072492,0.0,6,0,0,0,0,0,1,1,0,0,0
4709385407,23.26678,23.241707,0.062,0.05872519,0.0,84.98899,0.92720574,1.0067649,0.0,6,0,0,0,0,0,1,1,0,0,0
4709879124,23.26678,23.243164,0.0744,0.059529692,0.0,84.99724,0.92788666,1.0067012,0.0,6,0,0,0,0,0,1,1,0,0,0
4710384535,23.20619,23.236639,0.049599998,0.058989037,0.0,85.005486,0.92486066,1.0069844,0.0,6,0,0,0,0,0,1,1,0,0,0
4710889991,23.165796,23.229956,0.049599998,0.058780555,0.0,85.01381,0.921766,1.0072742,0.0,6,0,0,0,0,0,1,1,0,0,0
4711383721,23.286978,23.230383,0.062,0.058452692,0.0,85.02179,0.92196053,1.0072559,0.0,6,0,0,0,0,0,1,1,0,0,0
4711889979,23.20619,23.22193,0.062,0.05818287,0.0,85.02993,0.91804475,1.0076227,0.0,6,0,0,0,0,0,1,1,0,0,0
4712395775,23.246584,23.22301,0.049599998,0.058401123,0.0,85.03818,0.9185464,1.0075758,0.0,6,0,0,0,0,0,1,1,0,0,0
4712889216,23.20619,23.231512,0.062,0.058702532,0.0,85.04626,0.92248505,1.0072068,0.0,6,0,0,0,0,0,1,1,0,0,0
4713394919,23.307175,23.243212,0.062,0.058358863,0.0,85.054504,0.92789906,1.0067,0.0,6,0,0,0,0,0,1,1,0,0,0
4713900542,23.226387,23.236177,0.062,0.058734104,0.0,85.06284,0.9246451,1.0070045,0.0,6,0,0,0,0,0,1,1,0,0,0
4714394149,23.064814,23.218346,0.024799999,0.057812348,0.0,85.07072,0.91638154,1.0077786,0.0,6,0,0,0,0,0,1,1,0,0,0
4714900686,23.1456,23.193619,0.062,0.05862128,0.0,85.07901,0.9049422,1.0088522,0.0,6,0,0,0,0,0,1,1,0,0,0
4715406131,23.105206,23.175686,0.062,0.058556683,0.0,85.0873,0.8966386,1.009633,0.0,6,0,0,0,0,0,1,1,0,0,0
4715899615,23.105206,23.149206,0.062,0.05928995,0.0,85.09552,0.88438576,1.0107872,0.0,6,0,0,0,0,0,1,1,0,0,0
4716405420,23.105206,23.131779,0.062,0.05931678,0.0,85.10384,0.8763167,1.0115488,0.0,6,0,0,0,0,0,1,1,0,0,0
4716910916,23.064814,23.115242,0.062,0.05917894,0.0,85.11226,0.8686606,1.0122725,0.0,6,0,0,0,0,0,1,1,0,0,0
4717404401,23.1456,23.103306,0.062,0.059589375,0.0,85.12038,0.8631379,1.0127951,0.0,6,0,0,0,0,0,1,1,0,0,0
4717909931,23.064814,23.094086,0.062,0.059620492,0.0,85.12879,0.85886925,1.0131994,0.0,6,0,0,0,0,0,1,1,0,0,0
4718416333,23.064814,23.08576,0.062,0.05922403,0.0,85.13706,0.85501164,1.0135651,0.0,6,0,0,0,0,0,1,1,0,0,0
4718909908,23.105206,23.082916,0.062,0.05941995,0.0,85.14532,0.8536975,1.0136898,0.0,6,0,0,0,0,0,1,1,0,0,0
4719415730,23.125402,23.087362,0.062,0.059169892,0.0,85.15361,0.8557536,1.0134947,0.0,6,0,0,0,0,0,1,1,0,0,0
4719921197,23.064814,23.086193,0.062,0.058923278,0.0,85.16185,0.85521,1.0135463,0.0,6,0,0,0,0,0,1,1,0,0,0
4720414697,23.064814,23.079851,0.062,0.058695626,0.0,85.16992,0.85227174,1.0138249,0.0,6,0,0,0,0,0,1,1,0,0,0
4720920600,23.064814,23.078325,0.062,0.058958214,0.0,85.178276,0.8515679,1.0138918,0.0,6,0,0,0,0,0,1,1,0,0,0
4721425891,23.105206,23.080667,0.0744,0.05868722,0.0,85.186455,0.8526494,1.0137892,0.0,6,0,0,0,0,0,1,1,0,0,0
4721920377,23.1456,23.087463,0.049599998,0.05882424,0.0,85.19458,0.85579747,1.0134906,0.0,6,0,0,0,0,0,1,1,0,0,0
4722425965,23.064814,23.09094,0.049599998,0.059170607,0.0,85.20292,0.85741013,1.0133377,0.0,6,0,0,0,0,0,1,1,0,0,0
4722931501,23.064814,23.07334,0.062,0.05946267,0.0,85.21126,0.8492629,1.0141104,0.0,6,0,0,0,0,0,1,1,0,0,0
4723425380,23.08501,23.069822,0.062,0.05890416,0.0,85.219215,0.84763116,1.0142654,0.0,6,0,0,0,0,0,1,1,0,0,0
4723930936,23.064814,23.075203,0.049599998,0.058081288,0.0,85.22731,0.8501145,1.0140297,0.0,6,0,0,0,0,0,1,1,0,0,0
4724437158,23.02442,23.057138,0.062,0.057521246,0.0,85.23537,0.841747,1.0148245,0.0,6,0,0,0,0,0,1,1,0,0,0
4724929977,23.02442,23.05257,0.062,0.057664678,0.0,85.24327,0.83963364,1.0150255,0.0,6,0,0,0,0,0,1,1,0,0,0
4725436340,23.02442,23.04726,0.049599998,0.057043415,0.0,85.251274,0.8371703,1.0152599,0.0,6,0,0,0,0,0,1,1,0,0,0
4725942007,23.20619,23.083565,0.062,0.05806517,0.0,85.259514,0.8539855,1.0136625,0.0,6,0,0,0,0,0,1,1,0,0,0
4726435539,23.1456,23.106487,0.049599998,0.058502734,0.0,85.26752,0.8646018,1.0126566,0.0,6,0,0,0,0,0,1,1,0,0,0
4726941145,23.105206,23.103344,0.062,0.05906143,0.0,85.275856,0.86315125,1.0127938,0.0,6,0,0,0,0,0,1,1,0,0,0
4727447617,23.105206,23.116846,0.062,0.058460236,0.0,85.28401,0.8693978,1.0122027,0.0,6,0,0,0,0,0,1,1,0,0,0
4727940431,23.165796,23.115936,0.0744,0.057929546,0.0,85.291885,0.8689715,1.012243,0.0,6,0,0,0,0,0,1,1,0,0,0
4728446794,23.064814,23.102148,0.049599998,0.057128575,0.0,85.2999,0.8625819,1.0128477,0.0,6,0,0,0,0,0,1,1,0,0,0
4728952324,23.02442,23.078407,0.062,0.056083545,0.0,85.30764,0.8515822,1.0138904,0.0,6,0,0,0,0,0,1,1,0,0,0
4729445971,23.044617,23.070559,0.062,0.05782123,0.0,85.31577,0.8479621,1.0142341,0.0,6,0,0,0,0,0,1,1,0,0,0
4729951567,23.08501,23.063625,0.062,0.057923365,0.0,85.323814,0.8447539,1.0145388,0.0,6,0,0,0,0,0,1,1,0,0,0
4730457098,23.165796,23.07855,0.062,0.058780216,0.0,85.33206,0.8516709,1.0138819,0.0,6,0,0,0,0,0,1,1,0,0,0
4730951477,23.20619,23.109474,0.062,0.058754727,0.0,85.34016,0.8659865,1.0125254,0.0,6,0,0,0,0,0,1,1,0,0,0
4731457141,23.226387,23.14185,0.0744,0.05911143,0.0,85.348526,0.8809783,1.0111086,0.0,6,0,0,0,0,0,1,1,0,0,0
4731962792,23.185993,23.151012,0.062,0.059375994,0.0,85.35685,0.8852231,1.0107082,0.0,6,0,0,0,0,0,1,1,0,0,0
4732456551,23.246584,23.147127,0.099199995,0.060402505,0.0,85.36506,0.8834321,1.0108771,0.0,6,0,0,0,0,0,1,1,0,0,0
4732961971,23.165796,23.151129,0.062,0.059661906,0.0,85.37334,0.88527936,1.010703,0.0,6,0,0,0,0,0,1,1,0,0,0
4733467833,23.064814,23.148788,0.062,0.058716577,0.0,85.381454,0.8841874,1.0108058,0.0,6,0,0,0,0,0,1,1,0,0,0
4733974141,23.347569,23.16055,0.062,0.059270363,0.0,85.38989,0.8896367,1.0102922,0.0,6,0,0,0,0,0,1,1,0,0,0
4734467827,23.185993,23.198994,0.062,0.059310768,0.0,85.39797,0.9074351,1.0086181,0.0,6,0,0,0,0,0,1,1,0,0,0
4734973167,23.125402,23.177742,0.062,0.05948655,0.0,85.40631,0.8975989,1.0095426,0.0,6,0,0,0,0,0,1,1,0,0,0
4735478934,23.105206,23.145742,0.062,0.058472022,0.0,85.4144,0.88277596,1.010939,0.0,6,0,0,0,0,0,1,1,0,0,0
4735972292,23.064814,23.111769,0.062,0.057089835,0.0,85.42205,0.8670346,1.0124263,0.0,6,0,0,0,0,0,1,1,0,0,0
4736478767,23.004223,23.089508,0.062,0.05775006,0.0,85.43027,0.85673493,1.0134017,0.0,6,0,0,0,0,0,1,1,0,0,0
4736984329,23.064814,23.073795,0.062,0.057993688,0.0,85.4384,0.8494622,1.0140916,0.0,6,0,0,0,0,0,1,1,0,0,0
4737490015,23.1456,23.062107,0.062,0.05719571,0.0,85.44633,0.8440444,1.0146061,0.0,6,0,0,0,0,0,1,1,0,0,0
4737995605,23.064814,23.068214,0.062,0.058261473,0.0,85.45459,0.8468806,1.0143367,0.0,6,0,0,0,0,0,1,1,0,0,0
4738501188,23.08501,23.074697,0.049599998,0.058345847,0.0,85.46277,0.8498828,1.0140517,0.0,6,0,0,0,0,0,1,1,0,0,0
4738994821,23.08501,23.078209,0.0744,0.058553047,0.0,85.47081,0.8515107,1.0138972,0.0,6,0,0,0,0,0,1,1,0,0,0
4739501350,23.08501,23.083675,0.062,0.058509387,0.0,85.47908,0.8540408,1.0136572,0.0,6,0,0,0,0,0,1,1,0,0,0
4740006756,23.08501,23.087637,0.062,0.06017356,0.0,85.487785,0.855889,1.0134819,0.0,6,0,0,0,0,0,1,1,0,0,0
4740500599,23.044617,23.093245,0.062,0.05882205,0.0,85.495705,0.8584735,1.0132369,0.0,6,0,0,0,0,0,1,1,0,0,0
4741006001,23.08501,23.095495,0.049599998,0.05895228,0.0,85.504,0.8595168,1.013138,0.0,6,0,0,0,0,0,1,1,0,0,0
4741511752,23.1456,23.101587,0.062,0.058274772,0.0,85.51214,0.8623311,1.0128715,0.0,6,0,0,0,0,0,1,1,0,0,0
4742005940,23.125402,23.100721,0.062,0.058055364,0.0,85.52007,0.8619296,1.0129094,0.0,6,0,0,0,0,0,1,1,0,0,0
4742511767,23.08501,23.113167,0.062,0.05803063,0.0,85.528175,0.86769074,1.0123641,0.0,6,0,0,0,0,0,1,1,0,0,0
4743017191,23.044617,23.105696,0.049599998,0.05938806,0.0,85.5367,0.86424226,1.0126905,0.0,6,0,0,0,0,0,1,1,0,0,0
4743510721,23.08501,23.0995,0.062,0.05876906,0.0,85.5447,0.86136883,1.0129626,0.0,6,0,0,0,0,0,1,1,0,0,0
4744017201,23.044617,23.10047,0.062,0.05828527,0.0,85.55285,0.8618142,1.0129205,0.0,6,0,0,0,0,0,1,1,0,0,0
4744522749,23.1456,23.109589,0.049599998,0.059507094,0.0,85.56131,0.86604565,1.0125198,0.0,6,0,0,0,0,0,1,1,0,0,0
4745016367,23.105206,23.111311,0.062,0.057895456,0.0,85.56911,0.8668296,1.0124457,0.0,6,0,0,0,0,0,1,1,0,0,0
4745522121,23.1456,23.110561,0.062,0.059894133,0.0,85.57778,0.8664996,1.0124769,0.0,6,0,0,0,0,0,1,1,0,0,0
4746027537,23.08501,23.105093,0.062,0.05880608,0.0,85.585915,0.863959,1.0127174,0.0,6,0,0,0,0,0,1,1,0,0,0
4746521953,23.125402,23.106049,0.062,0.057748012,0.0,85.59369,0.86439294,1.0126762,0.0,6,0,0,0,0,0,1,1,0,0,0
4747027584,23.125402,23.109974,0.0744,0.058047663,0.0,85.60187,0.86621255,1.012504,0.0,6,0,0,0,0,0,1,1,0,0,0
4747533160,23.105206,23.122095,0.062,0.058588494,0.0,85.61023,0.8718278,1.0119729,0.0,6,0,0,0,0,0,1,1,0,0,0
4748026704,23.08501,23.12645,0.049599998,0.058686875,0.0,85.61833,0.8738448,1.0117823,0.0,6,0,0,0,0,0,1,1,0,0,0
4748532379,23.125402,23.129648,0.062,0.05936479,0.0,85.62666,0.8753316,1.0116419,0.0,6,0,0,0,0,0,1,1,0,0,0
4749038736,23.125402,23.12501,0.062,0.059610732,0.0,85.63505,0.8731858,1.0118446,0.0,6,0,0,0,0,0,1,1,0,0,0
4749532348,23.08501,23.116909,0.049599998,0.0585795,0.0,85.64296,0.8694274,1.0121999,0.0,6,0,0,0,0,0,1,1,0,0,0
4750038006,23.1456,23.111694,0.062,0.059006475,0.0,85.65129,0.8670165,1.0124279,0.0,6,0,0,0,0,0,1,1,0,0,0
4750543782,23.125402,23.11515,0.049599998,0.06043382,0.0,85.6599,0.8686282,1.0122755,0.0,6,0,0,0,0,0,1,1,0,0,0
4751037137,23.064814,23.10443,0.062,0.05936742,0.0,85.667854,0.8636567,1.012746,0.0,6,0,0,0,0,0,1,1,0,0,0
4751543830,23.1456,23.103405,0.062,0.057135683,0.0,85.6756,0.86316365,1.0127926,0.0,6,0,0,0,0,0,1,1,0,0,0
4752049164,23.105206,23.106014,0.049599998,0.056585424,0.0,85.68349,0.8643672,1.0126787,0.0,6,0,0,0,0,0,1,1,0,0,0
4752542681,23.08501,23.100014,0.062,0.057166178,0.0,85.69145,0.86159295,1.0129414,0.0,6,0,0,0,0,0,1,1,0,0,0
4753048373,23.08501,23.08676,0.049599998,0.05690034,0.0,85.69945,0.8554551,1.0135231,0.0,6,0,0,0,0,0,1,1,0,0,0
4754554023,23.08501,23.077768,0.049599998,0.057417415,0.0,85.723526,0.8512961,1.0139176,0.0,6,0,0,0,0,0,1,1,0,0,0
4755059536,23.044617,23.079168,0.062,0.056844696,0.0,85.73145,0.85193986,1.0138564,0.0,6,0,0,0,0,0,1,1,0,0,0
4755553146,23.044617,23.065502,0.062,0.057745244,0.0,85.73954,0.84562176,1.0144563,0.0,6,0,0,0,0,0,1,1,0,0,0
4756058725,23.044617,23.07135,0.049599998,0.058715276,0.0,85.74789,0.8483369,1.0141984,0.0,6,0,0,0,0,0,1,1,0,0,0
4756565312,23.064814,23.08845,0.062,0.058690883,0.0,85.75616,0.8562524,1.0134475,0.0,6,0,0,0,0,0,1,1,0,0,0
4757058824,23.02442,23.070686,0.062,0.05669733,0.0,85.76371,0.8480126,1.0142292,0.0,6,0,0,0,0,0,1,1,0,0,0
4757564361,23.125402,23.067347,0.062,0.058343723,0.0,85.77212,0.8464801,1.0143747,0.0,6,0,0,0,0,0,1,1,0,0,0
4758069962,23.02442,23.069792,0.062,0.058180187,0.0,85.78026,0.8476102,1.0142674,0.0,6,0,0,0,0,0,1,1,0,0,0
4758563598,23.02442,23.049244,0.062,0.058253773,0.0,85.78832,0.8380982,1.0151715,0.0,6,0,0,0,0,0,1,1,0,0,0
4759070238,23.044617,23.049786,0.062,0.05863199,0.0,85.79653,0.8383519,1.0151474,0.0,6,0,0,0,0,0,1,1,0,0,0
4759575759,23.02442,23.044338,0.062,0.057828557,0.0,85.8045,0.8358237,1.0153879,0.0,6,0,0,0,0,0,1,1,0,0,0
4760081350,23.02442,23.034164,0.049599998,0.0579528,0.0,85.812546,0.8311145,1.0158364,0.0,6,0,0,0,0,0,1,1,0,0,0
4760574710,23.004223,23.01647,0.062,0.05878051,0.0,85.82072,0.82293004,1.0166166,0.0,6,0,0,0,0,0,1,1,0,0,0
4761081208,22.943632,23.00102,0.0744,0.05775161,0.0,85.82872,0.8157689,1.0173001,0.0,6,0,0,0,0,0,1,1,0,0,0
4761586794,23.004223,22.99209,0.0744,0.059342653,0.0,85.83727,0.8116471,1.017694,0.0,6,0,0,0,0,0,1,1,0,0,0
4762092422,22.963829,22.990307,0.049599998,0.05912055,0.0,85.84556,0.8108193,1.0177732,0.0,6,0,0,0,0,0,1,1,0,0,0
4762585936,22.984026,22.9805,0.062,0.05784853,0.0,85.85339,0.8062684,1.0182085,0.0,6,0,0,0,0,0,1,1,0,0,0
4763092547,22.943632,22.967398,0.062,0.056649733,0.0,85.86118,0.8001935,1.0187902,0.0,6,0,0,0,0,0,1,1,0,0,0
4763597947,22.984026,22.967274,0.049599998,0.0569201,0.0,85.86922,0.8001382,1.0187955,0.0,6,0,0,0,0,0,1,1,0,0,0
4764091762,22.903238,22.964495,0.062,0.057827953,0.0,85.87723,0.7988593,1.018918,0.0,6,0,0,0,0,0,1,1,0,0,0
4764597246,22.923435,22.943674,0.062,0.0585138,0.0,85.88548,0.7892253,1.0198421,0.0,6,0,0,0,0,0,1,1,0,0,0
4765102728,22.984026,22.938734,0.049599998,0.05798407,0.0,85.89359,0.7869336,1.0200623,0.0,6,0,0,0,0,0,1,1,0,0,0
4765597206,23.064814,22.95209,0.049599998,0.05675684,0.0,85.901276,0.79310673,1.0194696,0.0,6,0,0,0,0,0,1,1,0,0,0
4766102925,22.923435,22.957834,0.049599998,0.057410188,0.0,85.909454,0.7957713,1.0192142,0.0,6,0,0,0,0,0,1,1,0,0,0
4766608359,22.984026,22.970774,0.062,0.057745226,0.0,85.917595,0.80176514,1.0186397,0.0,6,0,0,0,0,0,1,1,0,0,0
4767102008,22.963829,22.985836,0.049599998,0.05915167,0.0,85.92586,0.80874985,1.0179712,0.0,6,0,0,0,0,0,1,1,0,0,0
4767608422,22.963829,22.97941,0.062,0.059054475,0.0,85.934135,0.8057744,1.0182558,0.0,6,0,0,0,0,0,1,1,0,0,0
4768113955,23.044617,22.991037,0.0744,0.05819369,0.0,85.94223,0.81115025,1.0177416,0.0,6,0,0,0,0,0,1,1,0,0,0
4768607537,23.004223,22.995981,0.049599998,0.05932212,0.0,85.95052,0.81344765,1.017522,0.0,6,0,0,0,0,0,1,1,0,0,0
4769113346,22.923435,22.9824,0.0744,0.058917217,0.0,85.95864,0.8071582,1.0181234,0.0,6,0,0,0,0,0,1,1,0,0,0
4769619782,22.984026,22.969223,0.062,0.05756004,0.0,85.966576,0.8010461,1.0187086,0.0,6,0,0,0,0,0,1,1,0,0,0
4770113360,22.943632,22.96812,0.049599998,0.056670316,0.0,85.97425,0.8005282,1.0187582,0.0,6,0,0,0,0,0,1,1,0,0,0
4770619020,22.923435,22.951405,0.062,0.056408893,0.0,85.98208,0.79278725,1.0195004,0.0,6,0,0,0,0,0,1,1,0,0,0
4771124545,23.044617,22.961344,0.049599998,0.055381056,0.0,85.98978,0.79738015,1.0190599,0.0,6,0,0,0,0,0,1,1,0,0,0
4771618916,23.08501,23.009403,0.062,0.05728738,0.0,85.99784,0.8196456,1.01693,0.0,6,0,0,0,0,0,1,1,0,0,0
4772124425,23.004223,23.024042,0.049599998,0.056553714,0.0,86.00567,0.8264167,1.016284,0.0,6,0,0,0,0,0,1,1,0,0,0
4772618127,23.02442,23.015339,0.062,0.057230268,0.0,86.013535,0.8223931,1.0166677,0.0,6,0,0,0,0,0,1,1,0,0,0
4773123607,22.923435,23.001673,0.062,0.05673522,0.0,86.02145,0.8160617,1.0172722,0.0,6,0,0,0,0,0,1,1,0,0,0
4773629891,23.02442,22.992266,0.062,0.056693804,0.0,86.02938,0.81170624,1.0176884,0.0,6,0,0,0,0,0,1,1,0,0,0
4774123667,22.963829,22.980244,0.049599998,0.056179088,0.0,86.03707,0.8061368,1.0182211,0.0,6,0,0,0,0,0,1,1,0,0,0
4774629322,22.984026,22.973711,0.062,0.056708757,0.0,86.04502,0.8031165,1.0185102,0.0,6,0,0,0,0,0,1,1,0,0,0
4775134826,22.943632,22.971003,0.062,0.057771508,0.0,86.05325,0.80187196,1.0186294,0.0,6,0,0,0,0,0,1,1,0,0,0
4775629180,23.004223,22.967493,0.062,0.05844919,0.0,86.061356,0.80025166,1.0187846,0.0,6,0,0,0,0,0,1,1,0,0,0
4776134751,23.044617,22.977716,0.049599998,0.05702628,0.0,86.06929,0.8049733,1.0183325,0.0,6,0,0,0,0,0,1,1,0,0,0
4776640701,22.984026,22.994595,0.062,0.05653747,0.0,86.0772,0.81278294,1.0175855,0.0,6,0,0,0,0,0,1,1,0,0,0
4777134009,23.02442,22.995499,0.062,0.058366504,0.0,86.08541,0.81321687,1.017544,0.0,6,0,0,0,0,0,1,1,0,0,0
4777640593,23.004223,22.995945,0.062,0.057221882,0.0,86.09334,0.8134143,1.0175252,0.0,6,0,0,0,0,0,1,1,0,0,0
4778145993,22.984026,22.99046,0.062,0.05829796,0.0,86.1016,0.8108842,1.017767,0.0,6,0,0,0,0,0,1,1,0,0,0
4778639746,23.02442,22.994707,0.062,0.058577165,0.0,86.10968,0.8128516,1.017579,0.0,6,0,0,0,0,0,1,1,0,0,0
4779145358,23.044617,23.010675,0.062,0.057587672,0.0,86.11766,0.82023686,1.0168735,0.0,6,0,0,0,0,0,1,1,0,0,0
4779639519,23.02442,23.015749,0.049599998,0.056960933,0.0,86.12546,0.822581,1.0166498,0.0,6,0,0,0,0,0,1,1,0,0,0
4780145409,22.923435,23.01592,0.024799999,0.057087284,0.0,86.13355,0.8226611,1.0166422,0.0,6,0,0,0,0,0,1,1,0,0,0
4780650734,23.02442,23.014088,0.062,0.057478778,0.0,86.14167,0.8218152,1.0167229,0.0,6,0,0,0,0,0,1,1,0,0,0
4781145368,23.02442,23.019342,0.049599998,0.056437057,0.0,86.1493,0.82423943,1.0164917,0.0,6,0,0,0,0,0,1,1,0,0,0
4781650932,23.004223,23.01595,0.024799999,0.05621176,0.0,86.1572,0.8226668,1.0166416,0.0,6,0,0,0,0,0,1,1,0,0,0
4782144282,22.984026,23.011086,0.049599998,0.056174476,0.0,86.16492,0.8204152,1.0168564,0.0,6,0,0,0,0,0,1,1,0,0,0
4782649904,23.08501,23.012,0.062,0.057175763,0.0,86.17301,0.8208453,1.0168154,0.0,6,0,0,0,0,0,1,1,0,0,0
4783155592,23.044617,23.01224,0.049599998,0.058371156,0.0,86.181366,0.8209664,1.0168039,0.0,6,0,0,0,0,0,1,1,0,0,0
4783649857,22.984026,22.995636,0.0744,0.058641564,0.0,86.18946,0.8132836,1.0175376,0.0,6,0,0,0,0,0,1,1,0,0,0
4784155801,23.02442,22.98529,0.049599998,0.056503918,0.0,86.197235,0.80847615,1.0179973,0.0,6,0,0,0,0,0,1,1,0,0,0
4784661196,22.963829,22.976072,0.049599998,0.057430383,0.0,86.205345,0.8042161,1.018405,0.0,6,0,0,0,0,0,1,1,0,0,0
4785155751,22.943632,22.973139,0.049599998,0.057429437,0.0,86.21328,0.80285805,1.018535,0.0,6,0,0,0,0,0,1,1,0,0,0
4785661217,22.943632,22.967236,0.062,0.055903137,0.0,86.22107,0.8001115,1.0187981,0.0,6,0,0,0,0,0,1,1,0,0,0
4786166718,22.984026,22.967632,0.062,0.05483348,0.0,86.228714,0.80028695,1.0187813,0.0,6,0,0,0,0,0,1,1,0,0,0
4786672725,23.004223,22.970339,0.049599998,0.05694671,0.0,86.23698,0.80155724,1.0186596,0.0,6,0,0,0,0,0,1,1,0,0,0
4787166801,22.943632,22.967918,0.062,0.057189457,0.0,86.24498,0.8004386,1.0187668,0.0,6,0,0,0,0,0,1,1,0,0,0
4787672552,22.984026,22.970148,0.049599998,0.056211885,0.0,86.25277,0.8014619,1.0186688,0.0,6,0,0,0,0,0,1,1,0,0,0
4788177994,22.984026,22.971897,0.049599998,0.056750726,0.0,86.26084,0.80227727,1.0185906,0.0,6,0,0,0,0,0,1,1,0,0,0
4788671806,22.963829,22.965605,0.049599998,0.057325825,0.0,86.2688,0.79936856,1.0188693,0.0,6,0,0,0,0,0,1,1,0,0,0
4789178149,22.984026,22.961796,0.062,0.05662139,0.0,86.27666,0.7975995,1.0190389,0.0,6,0,0,0,0,0,1,1,0,0,0
4789683710,22.923435,22.955326,0.049599998,0.05552502,0.0,86.284386,0.7945954,1.0193269,0.0,6,0,0,0,0,0,1,1,0,0,0
4790177386,22.984026,22.956034,0.062,0.05749612,0.0,86.292435,0.79493874,1.0192939,0.0,6,0,0,0,0,0,1,1,0,0,0
4790683534,22.943632,22.954788,0.062,0.0566247,0.0,86.30036,0.7943551,1.0193499,0.0,6,0,0,0,0,0,1,1,0,0,0
4791189363,22.903238,22.950047,0.062,0.056152135,0.0,86.308266,0.7921559,1.0195609,0.0,6,0,0,0,0,0,1,1,0,0,0
4791682831,22.923435,22.941664,0.062,0.056892324,0.0,86.31611,0.78828114,1.0199329,0.0,6,0,0,0,0,0,1,1,0,0,0
4792188572,22.923435,22.939596,0.049599998,0.056652818,0.0,86.32404,0.78732175,1.020025,0.0,6,0,0,0,0,0,1,1,0,0,0
4792694822,22.963829,22.942827,0.049599998,0.056797925,0.0,86.33207,0.788819,1.0198812,0.0,6,0,0,0,0,0,1,1,0,0,0
4793188461,22.963829,22.950493,0.062,0.0573858,0.0,86.3399,0.7923724,1.0195401,0.0,6,0,0,0,0,0,1,1,0,0,0
4793694022,22.984026,22.956299,0.049599998,0.057370007,0.0,86.34799,0.7950608,1.0192822,0.0,6,0,0,0,0,0,1,1,0,0,0
4794199781,22.923435,22.9535,0.062,0.056817148,0.0,86.35587,0.79376096,1.0194069,0.0,6,0,0,0,0,0,1,1,0,0,0
4794694192,22.943632,22.95093,0.062,0.057377446,0.0,86.36383,0.79257554,1.0195206,0.0,6,0,0,0,0,0,1,1,0,0,0
4795199572,22.883041,22.940855,0.062,0.057156734,0.0,86.37186,0.7879092,1.0199685,0.0,6,0,0,0,0,0,1,1,0,0,0
4795705451,22.943632,22.938646,0.062,0.057781093,0.0,86.379974,0.78689164,1.0200663,0.0,6,0,0,0,0,0,1,1,0,0,0
4796199611,22.923435,22.93177,0.049599998,0.055988375,0.0,86.38753,0.783693,1.0203736,0.0,6,0,0,0,0,0,1,1,0,0,0
4796705349,22.862844,22.921932,0.049599998,0.055890646,0.0,86.39536,0.7791373,1.0208117,0.0,6,0,0,0,0,0,1,1,0,0,0
4797210778,22.862844,22.90713,0.062,0.05799491,0.0,86.40374,0.7723023,1.0214695,0.0,6,0,0,0,0,0,1,1,0,0,0
4797717217,22.883041,22.896763,0.062,0.057732586,0.0,86.411804,0.7675006,1.0219322,0.0,6,0,0,0,0,0,1,1,0,0,0
4798210916,22.903238,22.894096,0.062,0.058040045,0.0,86.41979,0.76626843,1.022051,0.0,6,0,0,0,0,0,1,1,0,0,0
4798716299,22.862844,22.894667,0.049599998,0.057265546,0.0,86.42771,0.7665269,1.0220261,0.0,6,0,0,0,0,0,1,1,0,0,0
4799221977,22.883041,22.898493,0.049599998,0.057146057,0.0,86.43571,0.7682969,1.0218555,0.0,6,0,0,0,0,0,1,1,0,0,0
4799716531,22.883041,22.893848,0.062,0.057808425,0.0,86.4437,0.7661521,1.0220622,0.0,6,0,0,0,0,0,1,1,0,0,0
4800222189,22.883041,22.88914,0.049599998,0.05552577,0.0,86.45138,0.7639529,1.0222743,0.0,6,0,0,0,0,0,1,1,0,0,0
4800715546,22.883041,22.886179,0.062,0.05634147,0.0,86.459236,0.76258916,1.0224059,0.0,6,0,0,0,0,0,1,1,0,0,0
4801221335,22.883041,22.887987,0.049599998,0.056882367,0.0,86.46732,0.76343125,1.0223247,0.0,6,0,0,0,0,0,1,1,0,0,0
4801727674,22.963829,22.901127,0.049599998,0.05668285,0.0,86.47516,0.7695119,1.0217384,0.0,6,0,0,0,0,0,1,1,0,0,0
4802221342,22.943632,22.919922,0.062,0.058004737,0.0,86.483284,0.77822465,1.0208994,0.0,6,0,0,0,0,0,1,1,0,0,0
4802726775,23.185993,22.97151,0.062,0.05770397,0.0,86.491356,0.8021056,1.0186071,0.0,6,0,0,0,0,0,1,1,0,0,0
4803233220,23.327372,23.094156,0.062,0.056656472,0.0,86.499214,0.85887784,1.0131986,0.0,6,0,0,0,0,0,1,1,0,0,0
4803726711,23.307175,23.165617,0.062,0.057581026,0.0,86.50717,0.8919694,1.0100725,0.0,6,0,0,0,0,0,1,1,0,0,0
4804232567,23.347569,23.222784,0.049599998,0.05617902,0.0,86.51489,0.91842335,1.0075873,0.0,6,0,0,0,0,0,1,1,0,0,0
4804738707,23.347569,23.26228,0.062,0.057431832,0.0,86.523026,0.93671864,1.0058757,0.0,6,0,0,0,0,0,1,1,0,0,0
4805232359,23.347569,23.288858,0.049599998,0.05608193,0.0,86.530624,0.94901246,1.0047288,0.0,6,0,0,0,0,0,1,1,0,0,0
4805737861,23.367765,23.308212,0.099199995,0.05686031,0.0,86.538574,0.9579789,1.003894,0.0,6,0,0,0,0,0,1,1,0,0,0
4806243758,23.367765,23.3252,0.049599998,0.0566938,0.0,86.54646,0.96584195,1.003163,0.0,6,0,0,0,0,0,1,1,0,0,0
