timestamp,x,y,z,r,flaps,aux1,aux2,aux3,aux4,aux5,mode_switch,return_switch,rattitude_switch,posctl_switch,loiter_switch,acro_switch,offboard_switch,kill_switch,arm_switch,transition_switch,gear_switch,mode_slot,data_source,stab_switch,man_switch
2508745359,0.0,0.0,0.5530121,-0.0,0.0,0.0,0.0,0.0,0.0,0.0,0,3,0,0,0,0,0,0,0,0,0,3,1,0,0
2508949340,0.0,-0.0,0.5530121,0.0,0.0,0.0,0.0,0.0,0.0,0.0,0,3,0,0,0,0,0,0,0,0,0,3,1,0,0
2509149399,0.0,0.0,0.5530121,-0.0,0.0,0.0,0.0,0.0,0.0,0.0,0,3,0,0,0,0,0,0,0,0,0,3,1,0,0
2509350953,0.0,-0.0,0.5530121,0.0,0.0,0.0,0.0,0.0,0.0,0.0,0,3,0,0,0,0,0,0,0,0,0,3,1,0,0
2509554929,0.0,0.0,0.5530121,-0.0,0.0,0.0,0.0,0.0,0.0,0.0,0,3,0,0,0,0,0,0,0,0,0,3,1,0,0
2509762962,0.0,0.0,0.5530121,-0.0,0.0,0.0,0.0,0.0,0.0,0.0,0,3,0,0,0,0,0,0,0,0,0,3,1,0,0
2509962972,0.0,-0.0,0.5530121,0.0,0.0,0.0,0.0,0.0,0.0,0.0,0,3,0,0,0,0,0,0,0,0,0,3,1,0,0
2510170925,0.0,0.0,0.5530121,-0.0,0.0,0.0,0.0,0.0,0.0,0.0,0,3,0,0,0,0,0,0,0,0,0,3,1,0,0
2510370816,0.0,-0.0,0.5530121,0.0,0.0,0.0,0.0,0.0,0.0,0.0,0,3,0,0,0,0,0,0,0,0,0,3,1,0,0
2510566948,0.0,0.0,0.5530121,-0.0,0.0,0.0,0.0,0.0,0.0,0.0,0,3,0,0,0,0,0,0,0,0,0,3,1,0,0
2510762908,0.0,-0.0,0.5530121,0.0,0.0,0.0,0.0,0.0,0.0,0.0,0,3,0,0,0,0,0,0,0,0,0,3,1,0,0
2510962904,0.0,0.0,0.5530121,-0.0,0.0,0.0,0.0,0.0,0.0,0.0,0,3,0,0,0,0,0,0,0,0,0,3,1,0,0
2511162951,0.0,-0.0,0.5530121,0.0,0.0,0.0,0.0,0.0,0.0,0.0,0,3,0,0,0,0,0,0,0,0,0,3,1,0,0
2511379042,0.0,-0.0,0.5530121,0.0,0.0,0.0,0.0,0.0,0.0,0.0,0,3,0,0,0,0,0,0,0,0,0,3,1,0,0
2511574812,0.0,0.0,0.5530121,-0.0,0.0,0.0,0.0,0.0,0.0,0.0,0,3,0,0,0,0,0,0,0,0,0,3,1,0,0
2511775034,0.0,-0.0,0.5530121,0.0,0.0,0.0,0.0,0.0,0.0,0.0,0,3,0,0,0,0,0,0,0,0,0,3,1,0,0
2511970928,0.0,0.0,0.5530121,-0.0,0.0,0.0,0.0,0.0,0.0,0.0,0,3,0,0,0,0,0,0,0,0,0,3,1,0,0
2512179215,0.0,0.0,0.5530121,-0.0,0.0,0.0,0.0,0.0,0.0,0.0,0,3,0,0,0,0,0,0,0,0,0,3,1,0,0
2512395116,0.0,0.0,0.5530121,-0.0,0.0,0.0,0.0,0.0,0.0,0.0,0,3,0,0,0,0,0,0,0,0,0,3,1,0,0
2512587101,0.0,-0.0,0.5530121,0.0,0.0,0.0,0.0,0.0,0.0,0.0,0,3,0,0,0,0,0,0,0,0,0,3,1,0,0
2512784619,0.0,0.0,0.5530121,-0.0,0.0,0.0,0.0,0.0,0.0,0.0,0,3,0,0,0,0,0,0,0,0,0,3,1,0,0
2512980541,0.0,-0.0,0.5530121,0.0,0.0,0.0,0.0,0.0,0.0,0.0,0,3,0,0,0,0,0,0,0,0,0,3,1,0,0
2513204404,0.0,-0.0,0.5530121,0.0,0.0,0.0,0.0,0.0,0.0,0.0,0,3,0,0,0,0,0,0,0,0,0,3,1,0,0
2513400539,0.0,0.0,0.5530121,-0.0,0.0,0.0,0.0,0.0,0.0,0.0,0,3,0,0,0,0,0,0,0,0,0,3,1,0,0
2513588529,0.0,0.0,0.5530121,-0.0,0.0,0.0,0.0,0.0,0.0,0.0,0,3,0,0,0,0,0,0,0,0,0,3,1,0,0
2513808526,0.0,0.0,0.5530121,-0.0,0.0,0.0,0.0,0.0,0.0,0.0,0,3,0,0,0,0,0,0,0,0,0,3,1,0,0
2514012596,0.0,-0.0,0.5530121,0.0,0.0,0.0,0.0,0.0,0.0,0.0,0,3,0,0,0,0,0,0,0,0,0,3,1,0,0
2514204562,0.0,0.0,0.5530121,-0.0,0.0,0.0,0.0,0.0,0.0,0.0,0,3,0,0,0,0,0,0,0,0,0,3,1,0,0
2514404411,0.0,-0.0,0.5530121,0.0,0.0,0.0,0.0,0.0,0.0,0.0,0,3,0,0,0,0,0,0,0,0,0,3,1,0,0
2514612583,0.0,0.0,0.5530121,-0.0,0.0,0.0,0.0,0.0,0.0,0.0,0,3,0,0,0,0,0,0,0,0,0,3,1,0,0
2514812504,0.0,-0.0,0.5530121,0.0,0.0,0.0,0.0,0.0,0.0,0.0,0,3,0,0,0,0,0,0,0,0,0,3,1,0,0
2515028542,0.0,-0.0,0.5530121,0.0,0.0,0.0,0.0,0.0,0.0,0.0,0,3,0,0,0,0,0,0,0,0,0,3,1,0,0
2515228531,0.0,0.0,0.5530121,-0.0,0.0,0.0,0.0,0.0,0.0,0.0,0,3,0,0,0,0,0,0,0,0,0,3,1,0,0
2515432527,0.0,-0.0,0.5530121,0.0,0.0,0.0,0.0,0.0,0.0,0.0,0,3,0,0,0,0,0,0,0,0,0,3,1,0,0
2515620560,0.0,-0.0,0.5530121,0.0,0.0,0.0,0.0,0.0,0.0,0.0,0,3,0,0,0,0,0,0,0,0,0,3,1,0,0
2515832531,0.0,-0.0,0.5530121,0.0,0.0,0.0,0.0,0.0,0.0,0.0,0,3,0,0,0,0,0,0,0,0,0,3,1,0,0
2516032845,0.0,0.0,0.5530121,-0.0,0.0,0.0,0.0,0.0,0.0,0.0,0,3,0,0,0,0,0,0,0,0,0,3,1,0,0
2516222227,0.0,-0.0,0.5530121,0.0,0.0,0.0,0.0,0.0,0.0,0.0,0,3,0,0,0,0,0,0,0,0,0,3,1,0,0
2516426328,0.0,0.0,0.5530121,-0.0,0.0,0.0,0.0,0.0,0.0,0.0,0,3,0,0,0,0,0,0,0,0,0,3,1,0,0
2516630279,0.0,-0.0,0.5530121,0.0,0.0,0.0,0.0,0.0,0.0,0.0,0,3,0,0,0,0,0,0,0,0,0,3,1,0,0
2516846176,0.0,-0.0,0.55536735,0.0,0.0,0.0,0.0,0.0,0.0,0.0,0,3,0,0,0,0,0,0,0,0,0,3,1,0,0
2517030255,0.0,-0.0,0.5529084,0.0,0.0,0.0,0.0,0.0,0.0,0.0,0,3,0,0,0,0,0,0,0,0,0,3,1,0,0
2517254341,0.0,-0.0,0.5529686,0.0,0.0,0.0,0.0,0.0,0.0,0.0,0,3,0,0,0,0,0,0,0,0,0,3,1,0,0
2517434549,0.0,-0.0,0.552999,0.0,0.0,0.0,0.0,0.0,0.0,0.0,0,3,0,0,0,0,0,0,0,0,0,3,1,0,0
2517650417,0.0,0.0,0.5530065,-0.0,0.0,0.0,0.0,0.0,0.0,0.0,0,3,0,0,0,0,0,0,0,0,0,3,1,0,0
2517854102,0.0,-0.0,0.5530248,0.0,0.0,0.0,0.0,0.0,0.0,0.0,0,3,0,0,0,0,0,0,0,0,0,3,1,0,0
2518054118,0.0,0.0,0.5529988,-0.0,0.0,0.0,0.0,0.0,0.0,0.0,0,3,0,0,0,0,0,0,0,0,0,3,1,0,0
2518262369,0.0,-0.0,0.55302274,0.0,0.0,0.0,0.0,0.0,0.0,0.0,0,3,0,0,0,0,0,0,0,0,0,3,1,0,0
2518462215,0.0,0.0,0.5530049,-0.0,0.0,0.0,0.0,0.0,0.0,0.0,0,3,0,0,0,0,0,0,0,0,0,3,1,0,0
2518662186,0.0,-0.0,0.5530161,0.0,0.0,0.0,0.0,0.0,0.0,0.0,0,3,0,0,0,0,0,0,0,0,0,3,1,0,0
2518870024,0.0,0.0,0.5530103,-0.0,0.0,0.0,0.0,0.0,0.0,0.0,0,3,0,0,0,0,0,0,0,0,0,3,1,0,0
2519074161,0.0,-0.0,0.5530125,0.0,0.0,0.0,0.0,0.0,0.0,0.0,0,3,0,0,0,0,0,0,0,0,0,3,1,0,0
2519270357,0.0,0.0,0.5530124,-0.0,0.0,0.0,0.0,0.0,0.0,0.0,0,3,0,0,0,0,0,0,0,0,0,3,1,0,0
2519470265,0.0,-0.0,0.55301154,0.0,0.0,0.0,0.0,0.0,0.0,0.0,0,3,0,0,0,0,0,0,0,0,0,3,1,0,0
2519675769,0.0,0.0,0.5530126,-0.0,0.0,0.0,0.0,0.0,0.0,0.0,0,3,0,0,0,0,0,0,0,0,0,3,1,0,0
2519859730,0.0,0.0,0.5530125,-0.0,0.0,0.0,0.0,0.0,0.0,0.0,0,3,0,0,0,0,0,0,0,0,0,3,1,0,0
2520064136,0.0,-0.0,0.5530117,0.0,0.0,0.0,0.0,0.0,0.0,0.0,0,3,0,0,0,0,0,0,0,0,0,3,1,0,0
2520275707,0.0,0.0,0.55301225,-0.0,0.0,0.0,0.0,0.0,0.0,0.0,0,3,0,0,0,0,0,0,0,0,0,3,1,0,0
2520487867,0.0,0.0,0.55301213,-0.0,0.0,0.0,0.0,0.0,0.0,0.0,0,3,0,0,0,0,0,0,0,0,0,3,1,0,0
2520679729,0.0,-0.0,0.5530121,0.0,0.0,0.0,0.0,0.0,0.0,0.0,0,1,0,0,0,0,0,0,0,0,0,3,1,0,0
2520879705,0.0,0.0,0.5530121,-0.0,0.0,0.0,0.0,0.0,0.0,0.0,0,1,0,0,0,0,0,0,0,0,0,3,1,0,0
2521095705,0.0,0.0,0.553012,-0.0,0.0,0.0,0.0,0.0,0.0,0.0,0,1,0,0,0,0,0,0,0,0,0,3,1,0,0
2521299708,0.0,-0.0,0.55301213,0.0,0.0,0.0,0.0,0.0,0.0,0.0,0,1,0,0,0,0,0,0,0,0,0,3,1,0,0
2521495729,0.0,0.0,0.553012,-0.0,0.0,0.0,0.0,0.0,0.0,0.0,0,1,0,0,0,0,0,0,0,0,0,3,1,0,0
2521703929,0.0,-0.0,0.5530121,0.0,0.0,0.0,0.0,0.0,0.0,0.0,0,1,0,0,0,0,0,0,0,0,0,3,1,0,0
2521887755,0.0,-0.0,0.5530121,0.0,0.0,0.0,0.0,0.0,0.0,0.0,0,1,0,0,0,0,0,0,0,0,0,3,1,0,0
2522107844,0.0,-0.0,0.5530121,0.0,0.0,0.0,0.0,0.0,0.0,0.0,0,1,0,0,0,0,0,0,0,0,0,3,1,0,0
2522307759,0.0,0.0,0.5530121,-0.0,0.0,0.0,0.0,0.0,0.0,0.0,0,1,0,0,0,0,0,0,0,0,0,3,1,0,0
2522503911,0.0,-0.0,0.5530121,0.0,0.0,0.0,0.0,0.0,0.0,0.0,0,1,0,0,0,0,0,0,0,0,0,3,1,0,0
2522711741,0.0,0.0,0.5530121,-0.0,0.0,0.0,0.0,0.0,0.0,0.0,0,1,0,0,0,0,0,0,0,0,0,3,1,0,0
2522911752,0.0,-0.0,0.5530121,0.0,0.0,0.0,0.0,0.0,0.0,0.0,0,1,0,0,0,0,0,0,0,0,0,3,1,0,0
2523113362,0.0,0.0,0.5530121,-0.0,0.0,0.0,0.0,0.0,0.0,0.0,0,1,0,0,0,0,0,0,0,0,0,3,1,0,0
2523309403,0.0,-0.0,0.5530121,0.0,0.0,0.0,0.0,0.0,0.0,0.0,0,1,0,0,0,0,0,0,0,0,0,3,1,0,0
2523509387,0.0,0.0,0.5530121,-0.0,0.0,0.0,0.0,0.0,0.0,0.0,0,1,0,0,0,0,0,0,0,0,0,3,1,0,0
2523709397,0.0,-0.0,0.5530121,0.0,0.0,0.0,0.0,0.0,0.0,0.0,0,1,0,0,0,0,0,0,0,0,0,3,1,0,0
2523929222,0.0,-0.0,0.5530121,0.0,0.0,0.0,0.0,0.0,0.0,0.0,0,1,0,0,0,0,0,0,0,0,0,3,1,0,0
2524129350,0.0,0.0,0.5530121,-0.0,0.0,0.0,0.0,0.0,0.0,0.0,0,1,0,0,0,0,0,0,0,0,0,3,1,0,0
2524333194,0.0,-0.0,0.5530121,0.0,0.0,0.0,0.0,0.0,0.0,0.0,0,1,0,0,0,0,0,0,0,0,0,3,1,0,0
2524529687,0.0,0.0,0.5530121,-0.0,0.0,0.0,0.0,0.0,0.0,0.0,0,1,0,0,0,0,0,0,0,0,0,3,1,0,0
2524737291,0.0,-0.0,0.5530121,0.0,0.0,0.0,0.0,0.0,0.0,0.0,0,1,0,0,0,0,0,0,0,0,0,3,1,0,0
2524941323,0.0,0.0,0.5530121,-0.0,0.0,0.0,0.0,0.0,0.0,0.0,0,1,0,0,0,0,0,0,0,0,0,3,1,0,0
2525141673,0.0,-0.0,0.5530121,0.0,0.0,0.0,0.0,0.0,0.0,0.0,0,1,0,0,0,0,0,0,0,0,0,3,1,0,0
2525333440,0.0,0.0,0.5530121,-0.0,0.0,0.0,0.0,0.0,0.0,0.0,0,1,0,0,0,0,0,0,0,0,0,3,1,0,0
2525549382,0.0,0.0,0.5530121,-0.0,0.0,0.0,0.0,0.0,0.0,0.0,0,1,0,0,0,0,0,0,0,0,0,3,1,0,0
2525753515,0.0,-0.0,0.5530121,0.0,0.0,0.0,0.0,0.0,0.0,0.0,0,1,0,0,0,0,0,0,0,0,0,3,1,0,0
2525953395,0.0,0.0,0.5530121,-0.0,0.0,0.0,0.0,0.0,0.0,0.0,0,1,0,0,0,0,0,0,0,0,0,3,1,0,0
2526153328,0.0,-0.0,0.5530121,0.0,0.0,0.0,0.0,0.0,0.0,0.0,0,1,0,0,0,0,0,0,0,0,0,3,1,0,0
2526349374,0.0,0.0,0.5530121,-0.0,0.0,0.0,0.0,0.0,0.0,0.0,0,1,0,0,0,0,0,0,0,0,0,3,1,0,0
2526566929,0.0,0.0,0.5530121,-0.0,0.0,0.0,0.0,0.0,0.0,0.0,0,1,0,0,0,0,0,0,0,0,0,3,1,0,0
2526751115,0.0,0.0,0.5530121,-0.0,0.0,0.0,0.0,0.0,0.0,0.0,0,1,0,0,0,0,0,0,0,0,0,3,1,0,0
2526966870,0.0,0.0,0.5530121,-0.0,0.0,0.0,0.0,0.0,0.0,0.0,0,1,0,0,0,0,0,0,0,0,0,3,1,0,0
2527155085,0.0,0.0,0.5530121,-0.0,0.0,0.0,0.0,0.0,0.0,0.0,0,1,0,0,0,0,0,0,0,0,0,3,1,0,0
2527358947,0.0,-0.0,0.5530121,0.0,0.0,0.0,0.0,0.0,0.0,0.0,0,1,0,0,0,0,0,0,0,0,0,3,1,0,0
2527578932,0.0,-0.0,0.5530121,0.0,0.0,0.0,0.0,0.0,0.0,0.0,0,1,0,0,0,0,0,0,0,0,0,3,1,0,0
2527778909,0.0,0.0,0.5530121,-0.0,0.0,0.0,0.0,0.0,0.0,0.0,0,1,0,0,0,0,0,0,0,0,0,3,1,0,0
2527962907,0.0,0.0,0.5530121,-0.0,0.0,0.0,0.0,0.0,0.0,0.0,0,1,0,0,0,0,0,0,0,0,0,3,1,0,0
2528190785,0.0,0.0,0.5530121,-0.0,0.0,0.0,0.0,0.0,0.0,0.0,0,1,0,0,0,0,0,0,0,0,0,3,1,0,0
2528383250,0.0,-0.0,0.5530121,0.0,0.0,0.0,0.0,0.0,0.0,0.0,0,1,0,0,0,0,0,0,0,0,0,3,1,0,0
2528579037,0.0,0.0,0.5530121,-0.0,0.0,0.0,0.0,0.0,0.0,0.0,0,1,0,0,0,0,0,0,0,0,0,3,1,0,0
2528779145,0.0,-0.0,0.5530121,0.0,0.0,0.0,0.0,0.0,0.0,0.0,0,1,0,0,0,0,0,0,0,0,0,3,1,0,0
2528978932,0.0,0.0,0.5530121,-0.0,0.0,0.0,0.0,0.0,0.0,0.0,0,1,0,0,0,0,0,0,0,0,0,3,1,0,0
2529195008,0.0,0.0,0.5530121,-0.0,0.0,0.0,0.0,0.0,0.0,0.0,0,1,0,0,0,0,0,0,0,0,0,3,1,0,0
2529398928,0.0,-0.0,0.5530121,0.0,0.0,0.0,0.0,0.0,0.0,0.0,0,1,0,0,0,0,0,0,0,0,0,3,1,0,0
2529591120,0.0,0.0,0.5530121,-0.0,0.0,0.0,0.0,0.0,0.0,0.0,0,1,0,0,0,0,0,0,0,0,0,3,1,0,0
2529787259,0.0,-0.0,0.5530121,0.0,0.0,0.0,0.0,0.0,0.0,0.0,0,1,0,0,0,0,0,0,0,0,0,3,1,0,0
2529988545,0.0,0.0,0.5530121,-0.0,0.0,0.0,0.0,0.0,0.0,0.0,0,1,0,0,0,0,0,0,0,0,0,3,1,0,0
2530188526,0.0,-0.0,0.5530121,0.0,0.0,0.0,0.0,0.0,0.0,0.0,0,1,0,0,0,0,0,0,0,0,0,3,1,0,0
2530392670,0.0,0.0,0.5530121,-0.0,0.0,0.0,0.0,0.0,0.0,0.0,0,1,0,0,0,0,0,0,0,0,0,3,1,0,0
2530592581,0.0,-0.0,0.5530121,0.0,0.0,0.0,0.0,0.0,0.0,0.0,0,1,0,0,0,0,0,0,0,0,0,3,1,0,0
2530796705,0.0,0.0,0.5530121,-0.0,0.0,0.0,0.0,0.0,0.0,0.0,0,1,0,0,0,0,0,0,0,0,0,3,1,0,0
2531016511,0.0,0.0,0.5530121,-0.0,0.0,0.0,0.0,0.0,0.0,0.0,0,1,0,0,0,0,0,0,0,0,0,3,1,0,0
2531196513,0.0,0.0,0.5530121,-0.0,0.0,0.0,0.0,0.0,0.0,0.0,0,1,0,0,0,0,0,0,0,0,0,3,1,0,0
2531400541,0.0,-0.0,0.5530121,0.0,0.0,0.0,0.0,0.0,0.0,0.0,0,1,0,0,0,0,0,0,0,0,0,3,1,0,0
2531620831,0.0,-0.0,0.5530121,0.0,0.0,0.0,0.0,0.0,0.0,0.0,0,1,0,0,0,0,0,0,0,0,0,3,1,0,0
2531820534,0.0,0.0,0.5530121,-0.0,0.0,0.0,0.0,0.0,0.0,0.0,0,1,0,0,0,0,0,0,0,0,0,3,1,0,0
2532020571,0.0,-0.0,0.5530121,0.0,0.0,0.0,0.0,0.0,0.0,0.0,0,1,0,0,0,0,0,0,0,0,0,3,1,0,0
2532216519,0.0,0.0,0.5530121,-0.0,0.0,0.0,0.0,0.0,0.0,0.0,0,1,0,0,0,0,0,0,0,0,0,3,1,0,0
2532432557,0.0,0.0,0.5530121,-0.0,0.0,0.0,0.0,0.0,0.0,0.0,0,1,0,0,0,0,0,0,0,0,0,3,1,0,0
2532636567,0.0,-0.0,0.5530121,0.0,0.0,0.0,0.0,0.0,0.0,0.0,0,1,0,0,0,0,0,0,0,0,0,3,1,0,0
2532832531,0.0,0.0,0.5530121,-0.0,0.0,0.0,0.0,0.0,0.0,0.0,0,1,0,0,0,0,0,0,0,0,0,3,1,0,0
2533024846,0.0,-0.0,0.5530121,0.0,0.0,0.0,0.0,0.0,0.0,0.0,0,1,0,0,0,0,0,0,0,0,0,3,1,0,0
2533228531,0.0,0.0,0.5530121,-0.0,0.0,0.0,0.0,0.0,0.0,0.0,0,1,0,0,0,0,0,0,0,0,0,3,1,0,0
2533425326,0.0,-0.0,0.5530121,0.0,0.0,0.0,0.0,0.0,0.0,0.0,0,1,0,0,0,0,0,0,0,0,0,3,1,0,0
2533630012,0.0,0.0,0.5530121,-0.0,0.0,0.0,0.0,0.0,0.0,0.0,0,1,0,0,0,0,0,0,0,0,0,3,1,0,0
2533830128,0.0,-0.0,0.5530121,0.0,0.0,0.0,0.0,0.0,0.0,0.0,0,1,0,0,0,0,0,0,0,0,0,3,1,0,0
2534038119,0.0,0.0,0.5530121,-0.0,0.0,0.0,0.0,0.0,0.0,0.0,0,1,0,0,0,0,0,0,0,0,0,3,1,0,0
2534238021,0.0,-0.0,0.5530121,0.0,0.0,0.0,0.0,0.0,0.0,0.0,0,1,0,0,0,0,0,0,0,0,0,3,1,0,0
2534438218,0.0,0.0,0.5530121,-0.0,0.0,0.0,0.0,0.0,0.0,0.0,0,1,0,0,0,0,0,0,0,0,0,3,1,0,0
2534654111,0.0,0.0,0.5530121,-0.0,0.0,0.0,0.0,0.0,0.0,0.0,0,1,0,0,0,0,0,0,0,0,0,3,1,0,0
2534846137,0.0,-0.0,0.5530121,0.0,0.0,0.0,0.0,0.0,0.0,0.0,0,1,0,0,0,0,0,0,0,0,0,3,1,0,0
2535070185,0.0,-0.0,0.5530121,0.0,0.0,0.0,0.0,0.0,0.0,0.0,0,1,0,0,0,0,0,0,0,0,0,3,1,0,0
2535270085,0.0,0.0,0.5530121,-0.0,0.0,0.0,0.0,0.0,0.0,0.0,0,1,0,0,0,0,0,0,0,0,0,3,1,0,0
2535454170,0.0,0.0,0.5530121,-0.0,0.0,0.0,0.0,0.0,0.0,0.0,0,1,0,0,0,0,0,0,0,0,0,3,1,0,0
2535678179,0.0,0.0,0.5530121,-0.0,0.0,0.0,0.0,0.0,0.0,0.0,0,1,0,0,0,0,0,0,0,0,0,3,1,0,0
2535874025,0.0,-0.0,0.5530121,0.0,0.0,0.0,0.0,0.0,0.0,0.0,0,1,0,0,0,0,0,0,0,0,0,3,1,0,0
2536070121,0.0,0.0,0.5530121,-0.0,0.0,0.0,0.0,0.0,0.0,0.0,0,1,0,0,0,0,0,0,0,0,0,3,1,0,0
2536270129,0.0,-0.0,0.5530121,0.0,0.0,0.0,0.0,0.0,0.0,0.0,0,1,0,0,0,0,0,0,0,0,0,3,1,0,0
2536462195,0.0,0.0,0.5530121,-0.0,0.0,0.0,0.0,0.0,0.0,0.0,0,1,0,0,0,0,0,0,0,0,0,3,1,0,0
2536678133,0.0,0.0,0.5530121,-0.0,0.0,0.0,0.0,0.0,0.0,0.0,0,1,0,0,0,0,0,0,0,0,0,3,1,0,0
2536874926,0.0,-0.0,0.5530121,0.0,0.0,0.0,0.0,0.0,0.0,0.0,0,1,0,0,0,0,0,0,0,0,0,3,1,0,0
2537096019,0.0,-0.0,0.5530121,0.0,0.0,0.0,0.0,0.0,0.0,0.0,0,1,0,0,0,0,0,0,0,0,0,3,1,0,0
2537279726,0.0,-0.0,0.5530121,0.0,0.0,0.0,0.0,0.0,0.0,0.0,0,1,0,0,0,0,0,0,0,0,0,3,1,0,0
2537492073,0.0,-0.0,0.5530121,0.0,0.0,0.0,0.0,0.0,0.0,0.0,0,1,0,0,0,0,0,0,0,0,0,3,1,0,0
2537695654,0.0,0.0,0.5530121,-0.0,0.0,0.0,0.0,0.0,0.0,0.0,0,1,0,0,0,0,0,0,0,0,0,3,1,0,0
2537903835,0.0,-0.0,0.5530121,0.0,0.0,0.0,0.0,0.0,0.0,0.0,0,1,0,0,0,0,0,0,0,0,0,3,1,0,0
2538083903,0.0,-0.0,0.5530121,0.0,0.0,0.0,0.0,0.0,0.0,0.0,0,1,0,0,0,0,0,0,0,0,0,3,1,0,0
2538287741,0.0,0.0,0.5530121,-0.0,0.0,0.0,0.0,0.0,0.0,0.0,0,1,0,0,0,0,0,0,0,0,0,3,1,0,0
2538487861,0.0,-0.0,0.5530121,0.0,0.0,0.0,0.0,0.0,0.0,0.0,0,1,0,0,0,0,0,0,0,0,0,3,1,0,0
2538699873,0.0,-0.0,0.5530121,0.0,0.0,0.0,0.0,0.0,0.0,0.0,0,1,0,0,0,0,0,0,0,0,0,3,1,0,0
2538903903,0.0,0.0,0.5530121,-0.0,0.0,0.0,0.0,0.0,0.0,0.0,0,1,0,0,0,0,0,0,0,0,0,3,1,0,0
2539095703,0.0,-0.0,0.5530121,0.0,0.0,0.0,0.0,0.0,0.0,0.0,0,1,0,0,0,0,0,0,0,0,0,3,1,0,0
2539315731,0.0,-0.0,0.5530121,0.0,0.0,0.0,0.0,0.0,0.0,0.0,0,1,0,0,0,0,0,0,0,0,0,3,1,0,0
2539519743,0.0,0.0,0.5530121,-0.0,0.0,0.0,0.0,0.0,0.0,0.0,0,1,0,0,0,0,0,0,0,0,0,3,1,0,0
2539719817,0.0,-0.0,0.5530121,0.0,0.0,0.0,0.0,0.0,0.0,0.0,0,1,0,0,0,0,0,0,0,0,0,3,1,0,0
2539919746,0.0,0.0,0.5530121,-0.0,0.0,0.0,0.0,0.0,0.0,0.0,0,1,0,0,0,0,0,0,0,0,0,3,1,0,0
2540115731,0.0,-0.0,0.5530121,0.0,0.0,0.0,0.0,0.0,0.0,0.0,0,1,0,0,0,0,0,0,0,0,0,3,1,0,0
2540315620,0.0,0.0,0.5530121,-0.0,0.0,0.0,0.0,0.0,0.0,0.0,0,1,0,0,0,0,0,0,0,0,0,3,1,0,0
2540509497,0.0,-0.0,0.5530121,0.0,0.0,0.0,0.0,0.0,0.0,0.0,0,1,0,0,0,0,0,0,0,0,0,3,1,0,0
2540713210,0.0,0.0,0.5530121,-0.0,0.0,0.0,0.0,0.0,0.0,0.0,0,1,0,0,0,0,0,0,0,0,0,3,1,0,0
2540933409,0.0,0.0,0.5530121,-0.0,0.0,0.0,0.0,0.0,0.0,0.0,0,1,0,0,0,0,0,0,0,0,0,3,1,0,0
2541137201,0.0,-0.0,0.5530121,0.0,0.0,0.0,0.0,0.0,0.0,0.0,0,1,0,0,0,0,0,0,0,0,0,3,1,0,0
2541329339,0.0,0.0,0.5530121,-0.0,0.0,0.0,0.0,0.0,0.0,0.0,0,1,0,0,0,0,0,0,0,0,0,3,1,0,0
2541525782,0.0,-0.0,0.5530121,0.0,0.0,0.0,0.0,0.0,0.0,0.0,0,1,0,0,0,0,0,0,0,0,0,3,1,0,0
2541729392,0.0,0.0,0.5530121,-0.0,0.0,0.0,0.0,0.0,0.0,0.0,0,1,0,0,0,0,0,0,0,0,0,3,1,0,0
2541945219,0.0,0.0,0.5530121,-0.0,0.0,0.0,0.0,0.0,0.0,0.0,0,1,0,0,0,0,0,0,0,0,0,3,1,0,0
2542145317,0.0,-0.0,0.5530121,0.0,0.0,0.0,0.0,0.0,0.0,0.0,0,1,0,0,0,0,0,0,0,0,0,3,1,0,0
2542353536,0.0,0.0,0.5530121,-0.0,0.0,0.0,0.0,0.0,0.0,0.0,0,1,0,0,0,0,0,0,0,0,0,3,1,0,0
2542533745,0.0,0.0,0.5530121,-0.0,0.0,0.0,0.0,0.0,0.0,0.0,0,1,0,0,0,0,0,0,0,0,0,3,1,0,0
2542753312,0.0,0.0,0.5530121,-0.0,0.0,0.0,0.0,0.0,0.0,0.0,0,1,0,0,0,0,0,0,0,0,0,3,1,0,0
2542961315,0.0,-0.0,0.5530121,0.0,0.0,0.0,0.0,0.0,0.0,0.0,0,1,0,0,0,0,0,0,0,0,0,3,1,0,0
2543141397,0.0,-0.0,0.5530121,0.0,0.0,0.0,0.0,0.0,0.0,0.0,0,1,0,0,0,0,0,0,0,0,0,3,1,0,0
2543353331,0.0,-0.0,0.5530121,0.0,0.0,0.0,0.0,0.0,0.0,0.0,0,1,0,0,0,0,0,0,0,0,0,3,1,0,0
2543565354,0.0,-0.0,0.5530121,0.0,0.0,0.0,0.0,0.0,0.0,0.0,0,1,0,0,0,0,0,0,0,0,0,3,1,0,0
2543765355,0.0,0.0,0.5530121,-0.0,0.0,0.0,0.0,0.0,0.0,0.0,0,1,0,0,0,0,0,0,0,0,0,3,1,0,0
2543966963,0.0,-0.0,0.5530121,0.0,0.0,0.0,0.0,0.0,0.0,0.0,0,1,0,0,0,0,0,0,0,0,0,3,1,0,0
2544162929,0.0,0.0,0.5530121,-0.0,0.0,0.0,0.0,0.0,0.0,0.0,0,1,0,0,0,0,0,0,0,0,0,3,1,0,0
2544374917,0.0,0.0,0.5530121,-0.0,0.0,0.0,0.0,0.0,0.0,0.0,0,1,0,0,0,0,0,0,0,0,0,3,1,0,0
2544563007,0.0,-0.0,0.5530121,0.0,0.0,0.0,0.0,0.0,0.0,0.0,0,1,0,0,0,0,0,0,0,0,0,3,1,0,0
2544778820,0.0,-0.0,0.5530121,0.0,0.0,0.0,0.0,0.0,0.0,0.0,0,1,0,0,0,0,0,0,0,0,0,3,1,0,0
2544979215,0.0,0.0,0.5530121,-0.0,0.0,0.0,0.0,0.0,0.0,0.0,0,1,0,0,0,0,0,0,0,0,0,3,1,0,0
2545174912,0.0,-0.0,0.5530121,0.0,0.0,0.0,0.0,0.0,0.0,0.0,0,1,0,0,0,0,0,0,0,0,0,3,1,0,0
2545378907,0.0,0.0,0.5530121,-0.0,0.0,0.0,0.0,0.0,0.0,0.0,0,1,0,0,0,0,0,0,0,0,0,3,1,0,0
2545574986,0.0,-0.0,0.5530121,0.0,0.0,0.0,0.0,0.0,0.0,0.0,0,1,0,0,0,0,0,0,0,0,0,3,1,0,0
2545786777,0.0,0.0,0.5530121,-0.0,0.0,0.0,0.0,0.0,0.0,0.0,0,1,0,0,0,0,0,0,0,0,0,3,1,0,0
2545987378,0.0,-0.0,0.5530121,0.0,0.0,0.0,0.0,0.0,0.0,0.0,0,1,0,0,0,0,0,0,0,0,0,3,1,0,0
2546183029,0.0,0.0,0.5530121,-0.0,0.0,0.0,0.0,0.0,0.0,0.0,0,1,0,0,0,0,0,0,0,0,0,3,1,0,0
2546391038,0.0,-0.0,0.5530121,0.0,0.0,0.0,0.0,0.0,0.0,0.0,0,1,0,0,0,0,0,0,0,0,0,3,1,0,0
2546582972,0.0,0.0,0.5530121,-0.0,0.0,0.0,0.0,0.0,0.0,0.0,0,1,0,0,0,0,0,0,0,0,0,3,1,0,0
2546790967,0.0,-0.0,0.5530121,0.0,0.0,0.0,0.0,0.0,0.0,0.0,0,1,0,0,0,0,0,0,0,0,0,3,1,0,0
2547010925,0.0,-0.0,0.5530121,0.0,0.0,0.0,0.0,0.0,0.0,0.0,0,1,0,0,0,0,0,0,0,0,0,3,1,0,0
2547211123,0.0,0.0,0.5530121,-0.0,0.0,0.0,0.0,0.0,0.0,0.0,0,1,0,0,0,0,0,0,0,0,0,3,1,0,0
2547412574,0.0,-0.0,0.5530121,0.0,0.0,0.0,0.0,0.0,0.0,0.0,0,1,0,0,0,0,0,0,0,0,0,3,1,0,0
2547604383,0.0,0.0,0.5530121,-0.0,0.0,0.0,0.0,0.0,0.0,0.0,0,1,0,0,0,0,0,0,0,0,0,3,1,0,0
2547804679,0.0,-0.0,0.5530121,0.0,0.0,0.0,0.0,0.0,0.0,0.0,0,1,0,0,0,0,0,0,0,0,0,3,1,0,0
2548004847,0.0,0.0,0.5530121,-0.0,0.0,0.0,0.0,0.0,0.0,0.0,0,1,0,0,0,0,0,0,0,0,0,3,1,0,0
2548204614,0.0,-0.0,0.5530121,0.0,0.0,0.0,0.0,0.0,0.0,0.0,0,1,0,0,0,0,0,0,0,0,0,3,1,0,0
2548404386,0.0,0.0,0.5530121,-0.0,0.0,0.0,0.0,0.0,0.0,0.0,0,1,0,0,0,0,0,0,0,0,0,3,1,0,0
2548624519,0.0,0.0,0.5530121,-0.0,0.0,0.0,0.0,0.0,0.0,0.0,0,1,0,0,0,0,0,0,0,0,0,3,1,0,0
2548820590,0.0,-0.0,0.5530121,0.0,0.0,0.0,0.0,0.0,0.0,0.0,0,1,0,0,0,0,0,0,0,0,0,3,1,0,0
2549020531,0.0,0.0,0.5530121,-0.0,0.0,0.0,0.0,0.0,0.0,0.0,0,1,0,0,0,0,0,0,0,0,0,3,1,0,0
2549212512,0.0,-0.0,0.5530121,0.0,0.0,0.0,0.0,0.0,0.0,0.0,0,1,0,0,0,0,0,0,0,0,0,3,1,0,0
2549424557,0.0,-0.0,0.5530121,0.0,0.0,0.0,0.0,0.0,0.0,0.0,0,1,0,0,0,0,0,0,0,0,0,3,1,0,0
2549640568,0.0,-0.0,0.5530121,0.0,0.0,0.0,0.0,0.0,0.0,0.0,0,1,0,0,0,0,0,0,0,0,0,3,1,0,0
2549820532,0.0,-0.0,0.5530121,0.0,0.0,0.0,0.0,0.0,0.0,0.0,0,1,0,0,0,0,0,0,0,0,0,3,1,0,0
2550028516,0.0,0.0,0.5942758,-0.0,0.0,0.0,0.0,0.0,0.0,0.0,0,1,0,0,0,0,0,0,0,0,0,3,1,0,0
2550244554,0.0,0.0,0.5982845,-0.0,0.0,0.0,0.0,0.0,0.0,0.0,0,1,0,0,0,0,0,0,0,0,0,3,1,0,0
2550436459,0.0,-0.0,0.5990149,0.0,0.0,0.0,0.0,0.0,0.0,0.0,0,1,0,0,0,0,0,0,0,0,0,3,1,0,0
2550632923,0.0,0.0,0.5987534,-0.0,0.0,0.0,0.0,0.0,0.0,0.0,0,1,0,0,0,0,0,0,0,0,0,3,1,0,0
2550850154,0.0,0.0,0.59884804,-0.0,0.0,0.0,0.0,0.0,0.0,0.0,0,1,0,0,0,0,0,0,0,0,0,3,1,0,0
2551042009,0.0,-0.0,0.5987173,0.0,0.0,0.0,0.0,0.0,0.0,0.0,0,1,0,0,0,0,0,0,0,0,0,3,1,0,0
2551242441,0.0,0.0,0.5988676,-0.0,0.0,0.0,0.0,0.0,0.0,0.0,0,1,0,0,0,0,0,0,0,0,0,3,1,0,0
2551466042,0.0,0.0,0.6094238,-0.0,0.0,0.0,0.0,0.0,0.0,0.0,0,1,0,0,0,0,0,0,0,0,0,3,1,0,0
2551666042,0.0,-0.0,0.6097496,0.0,0.0,0.0,0.0,0.0,0.0,0.0,0,1,0,0,0,0,0,0,0,0,0,3,1,0,0
2551850019,0.0,-0.0,0.60968536,0.0,0.0,0.0,0.0,0.0,0.0,0.0,0,1,0,0,0,0,0,0,0,0,0,3,1,0,0
2552066141,0.0,-0.0,0.60963875,0.0,0.0,0.0,0.0,0.0,0.0,0.0,0,1,0,0,0,0,0,0,0,0,0,3,1,0,0
2552274013,0.0,0.0,0.6096566,-0.0,0.0,0.0,0.0,0.0,0.0,0.0,0,1,0,0,0,0,0,0,0,0,0,3,1,0,0
2552462164,0.0,-0.0,0.6096163,0.0,0.0,0.0,0.0,0.0,0.0,0.0,0,1,0,0,0,0,0,0,0,0,0,3,1,0,0
2552666231,0.0,0.0,0.64572495,-0.0,0.0,0.0,0.0,0.0,0.0,0.0,0,1,0,0,0,0,0,0,0,0,0,3,1,0,0
2552870129,0.0,-0.0,0.6458117,0.0,0.0,0.0,0.0,0.0,0.0,0.0,0,1,0,0,0,0,0,0,0,0,0,3,1,0,0
2553066262,0.0,0.0,0.645774,-0.0,0.0,0.0,0.0,0.0,0.0,0.0,0,3,0,0,0,0,0,0,0,0,0,3,1,0,0
2553266229,0.0,-0.0,0.6457815,0.0,0.0,0.0,0.0,0.0,0.0,0.0,0,3,0,0,0,0,0,0,0,0,0,3,1,0,0
2553466179,0.0,0.0,0.64578915,-0.0,0.0,0.0,0.0,0.0,0.0,0.0,0,3,0,0,0,0,0,0,0,0,0,3,1,0,0
2553674137,0.0,-0.0,0.6457764,0.0,0.0,0.0,0.0,0.0,0.0,0.0,0,3,0,0,0,0,0,0,0,0,0,0,1,0,0
2553886207,0.0,0.0,0.6457888,-0.0,0.0,0.0,0.0,0.0,0.0,0.0,0,3,0,0,0,0,0,0,0,0,0,0,1,0,0
2554090136,0.0,-0.0,0.66213256,0.0,0.0,0.0,0.0,0.0,0.0,0.0,0,3,0,0,0,0,0,0,0,0,0,0,1,0,0
2554283877,0.0,0.0,0.6802178,-0.0,0.0,0.0,0.0,0.0,0.0,0.0,0,3,0,0,0,0,0,0,0,0,0,0,1,0,0
2554487728,0.0,-0.0,0.68521845,0.0,0.0,0.0,0.0,0.0,0.0,0.0,0,3,0,0,0,0,0,0,0,0,0,0,1,0,0
2554687728,0.0,0.0,0.6868078,-0.0,0.0,0.0,0.0,0.0,0.0,0.0,0,3,0,0,0,0,0,0,0,0,0,0,1,0,0
2554891725,0.0,-0.0,0.68678486,0.0,0.0,0.0,0.0,0.0,0.0,0.0,0,3,0,0,0,0,0,0,0,0,0,0,1,0,0
2555091822,0.0,0.0,0.6866729,-0.0,0.0,0.0,0.0,0.0,0.0,0.0,0,3,0,0,0,0,0,0,0,0,0,0,1,0,0
2555291725,0.0,-0.0,0.68682146,0.0,0.0,0.0,0.0,0.0,0.0,0.0,0,3,0,0,0,0,0,0,0,0,0,0,1,0,0
2555499719,0.0,0.0,0.68668836,-0.0,0.0,0.0,0.0,0.0,0.0,0.0,0,3,0,0,0,0,0,0,0,0,0,0,1,0,0
2555703875,0.0,-0.0,0.6856335,0.0,0.0,0.0,0.0,0.0,0.0,0.0,0,3,0,0,0,0,0,0,0,0,0,0,1,0,0
2555903850,0.0,0.0,0.68308544,-0.0,0.0,0.0,0.0,0.0,0.0,0.0,0,3,0,0,0,0,0,0,0,0,0,0,1,0,0
2556104148,0.0,-0.0,0.6831528,0.0,0.0,0.0,0.0,0.0,0.0,0.0,0,3,0,0,0,0,0,0,0,0,0,0,1,0,0
2556295814,0.0,0.0,0.6831287,-0.0,0.0,0.0,0.0,0.0,0.0,0.0,0,3,0,0,0,0,0,0,0,0,0,0,1,0,0
2556503904,0.0,-0.0,0.6831282,0.0,0.0,0.0,0.0,0.0,0.0,0.0,0,3,0,0,0,0,0,0,0,0,0,0,1,0,0
2556719750,0.0,-0.0,0.6831254,0.0,0.0,0.0,0.0,0.0,0.0,0.0,0,3,0,0,0,0,0,0,0,0,0,0,1,0,0
2556919823,0.0,0.0,0.6831392,-0.0,0.0,0.0,0.0,0.0,0.0,0.0,0,3,0,0,0,0,0,0,0,0,0,0,1,0,0
2557112023,0.0,-0.0,0.6831275,0.0,0.0,0.0,0.0,0.0,0.0,0.0,0,3,0,0,0,0,0,0,0,0,0,0,1,0,0
2557307781,0.0,0.0,0.68313575,-0.0,0.0,0.0,0.0,0.0,0.0,0.0,0,3,0,0,0,0,0,0,0,0,0,0,1,0,0
2557508122,0.0,-0.0,0.68313086,0.0,0.0,0.0,0.0,0.0,0.0,0.0,0,3,0,0,0,0,0,0,0,0,0,0,1,0,0
2557729344,0.0,-0.0,0.68313193,0.0,0.0,0.0,0.0,0.0,0.0,0.0,0,3,0,0,0,0,0,0,0,0,0,0,1,0,0
2557933217,0.0,0.0,0.68313247,-0.0,0.0,0.0,0.0,0.0,0.0,0.0,0,3,0,0,0,0,0,0,0,0,0,0,1,0,0
2558129325,0.0,-0.0,0.68313277,0.0,0.0,0.0,0.0,0.0,0.0,0.0,0,3,0,0,0,0,0,0,0,0,0,0,1,0,0
2558329222,0.0,0.0,0.68313223,-0.0,0.0,0.0,0.0,0.0,0.0,0.0,0,3,0,0,0,0,0,0,0,0,0,0,1,0,0
2558533329,0.0,0.13773309,0.68313277,0.0,0.0,0.0,0.0,0.0,0.0,0.0,0,3,0,0,0,0,0,0,0,0,0,0,1,0,0
2558733330,0.0,0.3235894,0.68313235,-0.0,0.0,0.0,0.0,0.0,0.0,0.0,0,3,0,0,0,0,0,0,0,0,0,0,1,0,0
2558933478,0.0,0.36193338,0.68313265,0.0,0.0,0.0,0.0,0.0,0.0,0.0,0,3,0,0,0,0,0,0,0,0,0,0,1,0,0
2559137338,0.0,0.3606357,0.68313247,-0.0,0.0,0.0,0.0,0.0,0.0,0.0,0,3,0,0,0,0,0,0,0,0,0,0,1,0,0
2559353308,0.0,0.38114718,0.6615411,-0.0,0.0,0.0,0.0,0.0,0.0,0.0,0,3,0,0,0,0,0,0,0,0,0,0,1,0,0
2559533207,0.0,0.3759812,0.6507054,-0.0,0.0,0.0,0.0,0.0,0.0,0.0,0,3,0,0,0,0,0,0,0,0,0,0,1,0,0
2559741318,0.0,0.39922625,0.65054893,0.0,0.0,0.0,0.0,0.0,0.0,0.0,0,3,0,0,0,0,0,0,0,0,0,0,1,0,0
2559949335,0.0,0.38364524,0.63476455,-0.0,0.0,0.0,0.0,0.0,0.0,0.0,0,3,0,0,0,0,0,0,0,0,0,0,1,0,0
2560145371,0.0,0.36052385,0.6338749,0.0,0.0,0.0,0.0,0.0,0.0,0.0,0,3,0,0,0,0,0,0,0,0,0,0,1,0,0
2560345408,0.0,0.36349264,0.6336655,-0.0,0.0,0.0,0.0,0.0,0.0,0.0,0,3,0,0,0,0,0,0,0,0,0,0,1,0,0
2560549434,0.0,0.36092836,0.6037778,0.0,0.0,0.0,0.0,0.0,0.0,0.0,0,3,0,0,0,0,0,0,0,0,0,0,1,0,0
2560749328,0.0,0.36092946,0.6035354,-0.0,0.0,0.0,0.0,0.0,0.0,0.0,0,3,0,0,0,0,0,0,0,0,0,0,1,0,0
2560953251,0.0,0.3659324,0.60363865,0.0,0.0,0.0,0.0,0.0,0.0,0.0,0,3,0,0,0,0,0,0,0,0,0,0,1,0,0
2561157521,0.0,0.40958914,0.60362005,-0.0,0.0,0.0,0.0,0.0,0.0,0.0,0,3,0,0,0,0,0,0,0,0,0,0,1,0,0
2561355253,0.0,0.405163,0.59390235,0.0,0.0,0.0,0.0,0.0,0.0,0.0,0,3,0,0,0,0,0,0,0,0,0,0,1,0,0
2561571231,0.0,0.39358023,0.5890543,0.0,0.0,0.0,0.0,0.0,0.0,0.0,0,3,0,0,0,0,0,0,0,0,0,0,1,0,0
2561775021,0.0,0.3922064,0.5892056,-0.0,0.0,0.0,0.0,0.0,0.0,0.0,0,3,0,0,0,0,0,0,0,0,0,0,1,0,0
2561958802,0.0,0.40199184,0.5891741,-0.0,0.0,0.0,0.0,0.0,0.0,0.0,0,3,0,0,0,0,0,0,0,0,0,0,1,0,0
2562178930,0.0,0.4246341,0.5533218,-0.0,0.0,0.0,0.0,0.0,0.0,0.0,0,3,0,0,0,0,0,0,0,0,0,0,1,0,0
2562374920,0.0,0.43872026,0.5535792,0.0,0.0,0.0,0.0,0.0,0.0,0.0,0,3,0,0,0,0,0,0,0,0,0,0,1,0,0
2562567247,0.0,0.46367308,0.5527386,-0.0,0.0,0.0,0.0,0.0,0.0,0.0,0,3,0,0,0,0,0,0,0,0,0,0,1,0,0
2562770901,0.0,0.49369803,0.5795986,0.0,0.0,0.0,0.0,0.0,0.0,0.0,0,3,0,0,0,0,0,0,0,0,0,0,1,0,0
2562970916,0.0,0.49801528,0.578388,-0.0,0.0,0.0,0.0,0.0,0.0,0.0,0,3,0,0,0,0,0,0,0,0,0,0,1,0,0
2563174899,0.0,0.5075147,0.5769719,0.0,0.0,0.0,0.0,0.0,0.0,0.0,0,3,0,0,0,0,0,0,0,0,0,0,1,0,0
2563374950,0.0,0.54039335,0.5772157,-0.0,0.0,0.0,0.0,0.0,0.0,0.0,0,3,0,0,0,0,0,0,0,0,0,0,1,0,0
2563574903,0.0,0.5421143,0.57703733,0.0,0.0,0.0,0.0,0.0,0.0,0.0,0,3,0,0,0,0,0,0,0,0,0,0,1,0,0
2563778841,0.0,0.5409612,0.577148,-0.0,0.0,0.0,0.0,0.0,0.0,0.0,0,3,0,0,0,0,0,0,0,0,0,0,1,0,0
2563986969,0.0,0.56185514,0.5770915,0.0,0.0,0.0,0.0,0.0,0.0,0.0,0,3,0,0,0,0,0,0,0,0,0,0,1,0,0
2564186931,0.0,0.577532,0.57711154,-0.0,0.0,0.0,0.0,0.0,0.0,0.0,0,3,0,0,0,0,0,0,0,0,0,0,1,0,0
2564383026,0.0,0.5782227,0.5771122,0.0,0.0,0.0,0.0,0.0,0.0,0.0,0,3,0,0,0,0,0,0,0,0,0,0,1,0,0
2564595134,-0.032194037,0.5969326,0.5783693,0.0,0.0,0.0,0.0,0.0,0.0,0.0,0,3,0,0,0,0,0,0,0,0,0,0,1,0,0
2564792623,-0.13413462,0.5930822,0.5782776,-0.0,0.0,0.0,0.0,0.0,0.0,0.0,0,3,0,0,0,0,0,0,0,0,0,0,1,0,0
2564992400,-0.14647868,0.6045965,0.57833207,0.0,0.0,0.0,0.0,0.0,0.0,0.0,0,3,0,0,0,0,0,0,0,0,0,0,1,0,0
2565192526,-0.09844511,0.58846563,0.578306,-0.0,0.0,0.0,0.0,0.0,0.0,0.0,0,3,0,0,0,0,0,0,0,0,0,0,1,0,0
2565408417,-0.04284346,0.5559242,0.5783133,-0.0,0.0,0.0,0.0,0.0,0.0,0.0,0,3,0,0,0,0,0,0,0,0,0,0,1,0,0
2565612517,-0.054873936,0.58729786,0.5771397,0.0,0.0,0.0,0.0,0.0,0.0,0.0,0,3,0,0,0,0,0,0,0,0,0,0,1,0,0
2565816734,-0.04458619,0.59022284,0.57709444,-0.0,0.0,0.0,0.0,0.0,0.0,0.0,0,3,0,0,0,0,0,0,0,0,0,0,1,0,0
2566012591,-0.034160286,0.6186197,0.5771117,0.0,0.0,0.0,0.0,0.0,0.0,0.0,0,3,0,0,0,0,0,0,0,0,0,0,1,0,0
2566216505,-0.07012398,0.612404,0.5771107,-0.0,0.0,0.0,0.0,0.0,0.0,0.0,0,3,0,0,0,0,0,0,0,0,0,0,1,0,0
2566428840,-0.042394005,0.6172544,0.57710415,0.0,0.0,0.0,0.0,0.0,0.0,0.0,0,3,0,0,0,0,0,0,0,0,0,0,1,0,0
2566624739,-0.026431538,0.61692095,0.57711273,-0.0,0.0,0.0,0.0,0.0,0.0,0.0,0,3,0,0,0,0,0,0,0,0,0,0,1,0,0
2566824738,-0.007920201,0.6024822,0.5771051,0.0,0.0,0.0,0.0,0.0,0.0,0.0,0,3,0,0,0,0,0,0,0,0,0,0,1,0,0
2567024508,-0.00942787,0.61248815,0.57711065,-0.0,0.0,0.0,0.0,0.0,0.0,0.0,0,3,0,0,0,0,0,0,0,0,0,0,1,0,0
2567236462,5.2119656e-05,0.5494747,0.5771096,-0.0,0.0,0.0,0.0,0.0,0.0,0.0,0,3,0,0,0,0,0,0,0,0,0,0,1,0,0
2567428533,6.707855e-05,0.49484584,0.57710797,0.0,0.0,0.0,0.0,0.0,0.0,0.0,0,3,0,0,0,0,0,0,0,0,0,0,1,0,0
2567632533,-0.000106258114,0.41834605,0.5532354,-0.0,0.0,0.0,0.0,0.0,0.0,0.0,0,3,0,0,0,0,0,0,0,0,0,0,1,0,0
2567844511,0.00010107531,0.42407104,0.5262904,0.0,0.0,0.0,0.0,0.0,0.0,0.0,0,3,0,0,0,0,0,0,0,0,0,0,1,0,0
2568040505,-7.706122e-05,0.37269044,0.516919,-0.0,0.0,0.0,0.0,0.0,0.0,0.0,0,3,0,0,0,0,0,0,0,0,0,0,1,0,0
2568242195,4.9736074e-05,0.31450358,0.4961163,0.0,0.0,0.0,0.0,0.0,0.0,0.0,0,3,0,0,0,0,0,0,0,0,0,0,1,0,0
2568438132,-2.6785243e-05,0.27826512,0.49651405,-0.0,0.0,0.0,0.0,0.0,0.0,0.0,0,3,0,0,0,0,0,0,0,0,0,0,1,0,0
2568662265,-9.364976e-06,0.17912431,0.49410155,-0.0,0.0,0.0,0.0,0.0,0.0,0.0,0,3,0,0,0,0,0,0,0,0,0,0,1,0,0
2568842195,0.00017783744,0.18626732,0.49037173,-0.0,0.0,0.0,0.0,0.0,0.0,0.0,0,3,0,0,0,0,0,0,0,0,0,0,1,0,0
2569046181,-0.000106097905,0.11976692,0.4903839,0.0,0.0,0.0,0.0,0.0,0.0,0.0,0,3,0,0,0,0,0,0,0,0,0,0,1,0,0
2569262231,-0.07287323,0.00095753476,0.49039397,0.0,0.0,0.0,0.0,0.0,0.0,0.0,0,3,0,0,0,0,0,0,0,0,0,0,1,0,0
2569454219,-0.027406732,0.025246711,0.4903913,0.0,0.0,0.0,0.0,0.0,0.0,0.0,0,3,0,0,0,0,0,0,0,0,0,0,1,0,0
2569650106,-0.00059439446,0.21831493,0.4903391,-0.0,0.0,0.0,0.0,0.0,0.0,0.0,0,3,0,0,0,0,0,0,0,0,0,0,1,0,0
2569870186,-0.0026748925,0.240022,0.49034813,-0.0,0.0,0.0,0.0,0.0,0.0,0.0,0,3,0,0,0,0,0,0,0,0,0,0,1,0,0
2570062289,0.0001756139,0.2697661,0.49036828,0.0,0.0,0.0,0.0,0.0,0.0,0.0,0,3,0,0,0,0,0,0,0,0,0,0,1,0,0
2570270221,4.9343125e-05,0.2579751,0.49036354,0.0,0.0,0.0,0.0,0.0,0.0,0.0,0,3,0,0,0,0,0,0,0,0,0,0,1,0,0
2570470010,-0.021521049,0.1866595,0.4903617,-0.0,0.0,0.0,0.0,0.0,0.0,0.0,0,3,0,0,0,0,0,0,0,0,0,0,1,0,0
2570670232,-0.027151607,0.16003913,0.49036026,0.0,0.0,0.0,0.0,0.0,0.0,0.0,0,3,0,0,0,0,0,0,0,0,0,0,1,0,0
2570886260,-0.039517812,0.15136234,0.49036008,0.0,0.0,0.0,0.0,0.0,0.0,0.0,0,3,0,0,0,0,0,0,0,0,0,0,1,0,0
2571086189,-0.052783504,0.089125924,0.4903626,-0.0,0.0,0.0,0.0,0.0,0.0,0.0,0,3,0,0,0,0,0,0,0,0,0,0,1,0,0
2571290132,0.00012693832,0.0011717733,0.49036068,0.0,0.0,0.0,0.0,0.0,0.0,0.0,0,3,0,0,0,0,0,0,0,0,0,0,1,0,0
2571478116,0.00012960422,0.00068149134,0.44833922,0.0,0.0,0.0,0.0,0.0,0.0,0.0,0,3,0,0,0,0,0,0,0,0,0,0,1,0,0
2571683926,-0.00010441531,-0.00028395455,0.42896444,-0.0,0.0,0.0,0.0,0.0,0.0,0.0,0,3,0,0,0,0,0,0,0,0,0,0,1,0,0
2571891725,7.069563e-05,4.4384542e-05,0.41206825,0.0,0.0,0.0,0.0,0.0,0.0,0.0,0,3,0,0,0,0,0,0,0,0,0,0,1,0,0
2572091652,-4.0373525e-05,7.281243e-05,0.3817636,-0.0,0.0,0.0,0.0,0.0,0.0,0.0,0,3,0,0,0,0,0,0,0,0,0,0,1,0,0
2572287727,1.808364e-05,-0.00010987438,0.3808489,0.0,0.0,0.0,0.0,0.0,0.0,0.0,0,3,0,0,0,0,0,0,0,0,0,0,1,0,0
2572508154,3.098041e-06,-0.00010069531,0.38077417,0.0,0.0,0.0,0.0,0.0,0.0,0.0,0,3,0,0,0,0,0,0,0,0,0,0,1,0,0
2572703822,0.0007794728,-0.00047371036,0.38071218,-0.0,0.0,0.0,0.0,0.0,0.0,0.0,0,3,0,0,0,0,0,0,0,0,0,0,1,0,0
2572907844,-0.0005588646,0.0002736147,0.38071305,0.0,0.0,0.0,0.0,0.0,0.0,0.0,0,3,0,0,0,0,0,0,0,0,0,0,1,0,0
2573111923,-0.009344713,-0.019241937,0.38073984,-0.0,0.0,0.0,0.0,0.0,0.0,0.0,0,3,0,0,0,0,0,0,0,0,0,0,1,0,0
2573319801,-0.0031156424,-0.06539919,0.3807064,0.0,0.0,0.0,0.0,0.0,0.0,0.0,0,3,0,0,0,0,0,0,0,0,0,0,1,0,0
2573519872,0.00024923365,0.0015957238,0.38073567,-0.0,0.0,0.0,0.0,0.0,0.0,0.0,0,3,0,0,0,0,0,0,0,0,0,0,1,0,0
2573715705,-0.0100071505,-0.0007668008,0.40583733,0.0,0.0,0.0,0.0,0.0,0.0,0.0,0,3,0,0,0,0,0,0,0,0,0,0,1,0,0
2573912071,-0.04557066,0.00022975181,0.42134896,-0.0,0.0,0.0,0.0,0.0,0.0,0.0,0,3,0,0,0,0,0,0,0,0,0,0,1,0,0
2574119881,-0.052059267,6.093368e-05,0.42061606,0.0,0.0,0.0,0.0,0.0,0.0,0.0,0,3,0,0,0,0,0,0,0,0,0,0,1,0,0
2574339764,-0.06651421,-0.078983165,0.42051607,0.0,0.0,0.0,0.0,0.0,0.0,0.0,0,3,0,0,0,0,0,0,0,0,0,0,1,0,0
2574524171,-0.10494489,-0.11222369,0.42047304,0.0,0.0,0.0,0.0,0.0,0.0,0.0,0,3,0,0,0,0,0,0,0,0,0,0,1,0,0
2574727832,-0.07221119,-0.13352227,0.42051163,-0.0,0.0,0.0,0.0,0.0,0.0,0.0,0,3,0,0,0,0,0,0,0,0,0,0,1,0,0
2574924077,-0.0760664,-0.03848041,0.42286113,0.0,0.0,0.0,0.0,0.0,0.0,0.0,0,3,0,0,0,0,0,0,0,0,0,0,1,0,0
2575127851,-0.07230388,-0.05609897,0.42291683,-0.0,0.0,0.0,0.0,0.0,0.0,0.0,0,3,0,0,0,0,0,0,0,0,0,0,1,0,0
2575333258,-0.0885376,-0.16220017,0.42290825,-0.0,0.0,0.0,0.0,0.0,0.0,0.0,0,3,0,0,0,0,0,0,0,0,0,0,1,0,0
2575549373,-0.10829569,-0.12445495,0.42290047,-0.04395196,0.0,0.0,0.0,0.0,0.0,0.0,0,3,0,0,0,0,0,0,0,0,0,0,1,0,0
2575745668,-0.17663355,-0.12465599,0.42055058,-0.08142752,0.0,0.0,0.0,0.0,0.0,0.0,0,3,0,0,0,0,0,0,0,0,0,0,1,0,0
2575941369,-0.24553463,-0.21466814,0.41811186,-0.017943775,0.0,0.0,0.0,0.0,0.0,0.0,0,3,0,0,0,0,0,0,0,0,0,0,1,0,0
2576141528,-0.06912828,-0.2048173,0.4002054,0.00089526054,0.0,0.0,0.0,0.0,0.0,0.0,0,3,0,0,0,0,0,0,0,0,0,0,1,0,0
2576345301,-0.090682015,-0.24754854,0.3686735,-0.00038490337,0.0,0.0,0.0,0.0,0.0,0.0,0,3,0,0,0,0,0,0,0,0,0,0,1,0,0
2576549439,-0.10148659,-0.110658295,0.32719052,7.295411e-05,0.0,0.0,0.0,0.0,0.0,0.0,0,3,0,0,0,0,0,0,0,0,0,0,1,0,0
2577161383,-0.25440452,-0.2478804,0.3615871,-0.00011761018,0.0,0.0,0.0,0.0,0.0,0.0,0,3,0,0,0,0,0,0,0,0,0,0,1,0,0
2578982811,-0.3337909,-0.12187797,0.3662722,3.4227771e-06,0.0,0.0,0.0,0.0,0.0,0.0,0,3,0,0,0,0,0,0,0,0,0,0,1,0,0
2579406776,-0.36065257,-0.21050523,0.36626944,-9.234399e-07,0.0,0.0,0.0,0.0,0.0,0.0,0,3,0,0,0,0,0,0,0,0,0,0,1,0,0
2579590932,-0.37454027,-0.2032033,0.36626986,-3.265563e-07,0.0,0.0,0.0,0.0,0.0,0.0,0,3,0,0,0,0,0,0,0,0,0,0,1,0,0
2579798925,-0.38188425,-0.11607072,0.40030858,-5.4164385e-08,0.0,0.0,0.0,0.0,0.0,0.0,0,3,0,0,0,0,0,0,0,0,0,0,1,0,0
2579995130,-0.32809415,-0.068765506,0.43131772,2.136613e-07,0.0,0.0,0.0,0.0,0.0,0.0,0,3,0,0,0,0,0,0,0,0,0,0,1,0,0
2580202944,-0.26097855,-0.07167156,0.44445264,-2.3952234e-07,0.0,0.0,0.0,0.0,0.0,0.0,0,3,0,0,0,0,0,0,0,0,0,0,1,0,0
2580414903,-0.29793867,-0.071743414,0.44450018,-1.9343935e-07,0.0,0.0,0.0,0.0,0.0,0.0,0,3,0,0,0,0,0,0,0,0,0,0,1,0,0
2580618906,-0.30989912,-0.08871383,0.44462046,1.3221592e-07,0.0,0.0,0.0,0.0,0.0,0.0,0,3,0,0,0,0,0,0,0,0,0,0,1,0,0
2580819036,-0.31189144,-0.025235046,0.44695967,-7.633397e-08,0.0,0.0,0.0,0.0,0.0,0.0,0,3,0,0,0,0,0,0,0,0,0,0,1,0,0
2581019054,-0.33488944,-0.0089608375,0.44584635,3.4842312e-08,0.0,0.0,0.0,0.0,0.0,0.0,0,3,0,0,0,0,0,0,0,0,0,0,1,0,0
2581222930,-0.24714062,-0.002903404,0.46854532,-8.7187955e-09,0.0,0.0,0.0,0.0,0.0,0.0,0,3,0,0,0,0,0,0,0,0,0,0,1,0,0
2581418807,-0.22216024,0.00013296382,0.47951657,-4.8941518e-09,0.0,0.0,0.0,0.0,0.0,0.0,0,3,0,0,0,0,0,0,0,0,0,0,1,0,0
2581610974,-0.25779903,-5.291085e-06,0.4795134,9.96176e-09,0.0,0.0,0.0,0.0,0.0,0.0,0,3,0,0,0,0,0,0,0,0,0,0,1,0,0
2581814925,-0.27459273,-5.3227654e-05,0.47952452,-1.010259e-08,0.0,0.0,0.0,0.0,0.0,0.0,0,3,0,0,0,0,0,0,0,0,0,0,1,0,0
2582014967,-0.31994095,6.8109875e-05,0.4795122,7.9984455e-09,0.0,0.0,0.0,0.0,0.0,0.0,0,3,0,0,0,0,0,0,0,0,0,0,1,0,0
2582216577,-0.3265212,-6.0190054e-05,0.48077253,-5.3368336e-09,0.0,0.0,0.0,0.0,0.0,0.0,0,3,0,0,0,0,0,0,0,0,0,0,1,0,0
2582424531,-0.30724984,4.371639e-05,0.49567604,2.9956948e-09,0.0,0.0,0.0,0.0,0.0,0.0,0,3,0,0,0,0,0,0,0,0,0,0,1,0,0
2582628621,-0.24033931,-2.6933894e-05,0.5017137,-1.3008031e-09,0.0,0.0,0.0,0.0,0.0,0.0,0,3,0,0,0,0,0,0,0,0,0,0,1,0,0
2582828561,-0.18043882,1.3612496e-05,0.50094986,2.5991614e-10,0.0,0.0,0.0,0.0,0.0,0.0,0,3,0,0,0,0,0,0,0,0,0,0,1,0,0
2583048578,-0.18725222,3.973197e-06,0.5011325,-2.9747013e-10,0.0,0.0,0.0,0.0,0.0,0.0,0,3,0,0,0,0,0,0,0,0,0,0,1,0,0
2583232840,-0.20364957,-3.07842e-07,0.501213,-4.4242737e-10,0.0,0.0,0.0,0.0,0.0,0.0,0,3,0,0,0,0,0,0,0,0,0,0,1,0,0
2583448698,-0.20785671,-2.612331e-06,0.5012558,-4.1949844e-10,0.0,0.0,0.0,0.0,0.0,0.0,0,3,0,0,0,0,0,0,0,0,0,0,1,0,0
2583636542,-0.2193542,2.9252792e-06,0.50114864,3.1670536e-10,0.0,0.0,0.0,0.0,0.0,0.0,0,3,0,0,0,0,0,0,0,0,0,0,1,0,0
2583844840,-0.24109603,-2.4383273e-06,0.50125134,-2.0256427e-10,0.0,0.0,0.0,0.0,0.0,0.0,0,3,0,0,0,0,0,0,0,0,0,0,1,0,0
2584056489,-0.24035917,-1.6131528e-06,0.50007355,-9.9031415e-11,0.0,0.0,0.0,0.0,0.0,0.0,0,3,0,0,0,0,0,0,0,0,0,0,1,0,0
2584256520,-0.18655989,9.3090046e-07,0.4999582,3.656139e-11,0.0,0.0,0.0,0.0,0.0,0.0,0,3,0,0,0,0,0,0,0,0,0,0,1,0,0
2584460578,-0.18458714,-4.245596e-07,0.5000186,-6.410398e-13,0.0,0.0,0.0,0.0,0.0,0.0,0,3,0,0,0,0,0,0,0,0,0,0,1,0,0
2584652597,-0.22680223,1.059048e-07,0.4999959,-1.5643438e-11,0.0,0.0,0.0,0.0,0.0,0.0,0,3,0,0,0,0,0,0,0,0,0,0,1,0,0
2584852831,-0.21476024,6.0046276e-08,0.49999675,1.9604903e-11,0.0,0.0,0.0,0.0,0.0,0.0,0,3,0,0,0,0,0,0,0,0,0,0,1,0,0
2585048531,-0.21419498,-1.217485e-07,0.5011677,-1.7180212e-11,0.0,0.0,0.0,0.0,0.0,0.0,0,3,0,0,0,0,0,0,0,0,0,0,1,0,0
2585264529,-0.19829628,-1.2137778e-07,0.50118804,0.002558936,0.0,0.0,0.0,0.0,0.0,0.0,0,3,0,0,0,0,0,0,0,0,0,0,1,0,0
2585464857,-0.17514342,9.407479e-08,0.50121,0.0069155586,0.0,0.0,0.0,0.0,0.0,0.0,0,3,0,0,0,0,0,0,0,0,0,0,1,0,0
2585664537,-0.18211788,-6.162193e-08,0.5012061,0.0541662,0.0,0.0,0.0,0.0,0.0,0.0,0,3,0,0,0,0,0,0,0,0,0,0,1,0,0
2585862007,-0.17828956,-0.004685195,0.50120103,0.07484129,0.0,0.0,0.0,0.0,0.0,0.0,0,3,0,0,0,0,0,0,0,0,0,0,1,0,0
2586082193,-0.15876584,-3.2414733e-05,0.50120074,0.12353222,0.0,0.0,0.0,0.0,0.0,0.0,0,3,0,0,0,0,0,0,0,0,0,0,1,0,0
2586266276,-0.14264055,-0.011737018,0.50235385,0.19015798,0.0,0.0,0.0,0.0,0.0,0.0,0,3,0,0,0,0,0,0,0,0,0,0,1,0,0
2586466183,-0.124393724,-0.0068670716,0.5171847,0.17737049,0.0,0.0,0.0,0.0,0.0,0.0,0,3,0,0,0,0,0,0,0,0,0,0,1,0,0
2586666251,-0.14303382,-0.015524501,0.5166849,0.17427267,0.0,0.0,0.0,0.0,0.0,0.0,0,3,0,0,0,0,0,0,0,0,0,0,1,0,0
2586886216,-0.15324585,-0.042159826,0.52788186,0.21176296,0.0,0.0,0.0,0.0,0.0,0.0,0,3,0,0,0,0,0,0,0,0,0,0,1,0,0
2587094128,-0.19024698,-0.027530318,0.5324039,0.17435086,0.0,0.0,0.0,0.0,0.0,0.0,0,3,0,0,0,0,0,0,0,0,0,0,1,0,0
2587290109,-0.20758353,-0.04301477,0.5313702,0.14022513,0.0,0.0,0.0,0.0,0.0,0.0,0,3,0,0,0,0,0,0,0,0,0,0,1,0,0
2587490088,-0.19737995,6.451671e-05,0.53130084,0.14286321,0.0,0.0,0.0,0.0,0.0,0.0,0,3,0,0,0,0,0,0,0,0,0,0,1,0,0
2587698107,-0.16369717,0.0002242334,0.53133523,0.13614292,0.0,0.0,0.0,0.0,0.0,0.0,0,3,0,0,0,0,0,0,0,0,0,0,1,0,0
2587898108,-0.14279902,-0.00015464917,0.53132397,0.14203073,0.0,0.0,0.0,0.0,0.0,0.0,0,3,0,0,0,0,0,0,0,0,0,0,1,0,0
2588094144,-0.014566769,0.00019626375,0.5313224,0.11812368,0.0,0.0,0.0,0.0,0.0,0.0,0,3,0,0,0,0,0,0,0,0,0,0,1,0,0
2588314193,-0.07716517,0.00016819772,0.53249186,0.1312844,0.0,0.0,0.0,0.0,0.0,0.0,0,3,0,0,0,0,0,0,0,0,0,0,1,0,0
2588498163,-0.092439465,0.0001252553,0.53250724,0.1355452,0.0,0.0,0.0,0.0,0.0,0.0,0,3,0,0,0,0,0,0,0,0,0,0,1,0,0
2588710247,-0.09143877,0.05910347,0.5312901,0.12570405,0.0,0.0,0.0,0.0,0.0,0.0,0,3,0,0,0,0,0,0,0,0,0,0,1,0,0
2588906185,-0.11597459,0.02195936,0.5301873,0.08616452,0.0,0.0,0.0,0.0,0.0,0.0,0,3,0,0,0,0,0,0,0,0,0,0,1,0,0
2589114157,-0.112516165,0.00030198396,0.5300825,0.1008623,0.0,0.0,0.0,0.0,0.0,0.0,0,3,0,0,0,0,0,0,0,0,0,0,1,0,0
2589307900,0.0011356553,0.032555073,0.53013736,0.06388122,0.0,0.0,0.0,0.0,0.0,0.0,0,3,0,0,0,0,0,0,0,0,0,0,1,0,0
2589511815,0.11801431,0.023762984,0.5301168,0.020340504,0.0,0.0,0.0,0.0,0.0,0.0,0,3,0,0,0,0,0,0,0,0,0,0,1,0,0
2589711771,0.0056208526,2.049038e-05,0.5301175,0.03893365,0.0,0.0,0.0,0.0,0.0,0.0,0,3,0,0,0,0,0,0,0,0,0,0,1,0,0
2589911907,0.016660077,3.7970425e-05,0.5301258,0.025704037,0.0,0.0,0.0,0.0,0.0,0.0,0,3,0,0,0,0,0,0,0,0,0,0,1,0,0
2590131778,0.033227608,5.646938e-05,0.5301257,0.017884972,0.0,0.0,0.0,0.0,0.0,0.0,0,3,0,0,0,0,0,0,0,0,0,0,1,0,0
2590323853,0.036938794,-5.1039995e-05,0.53011656,0.012174745,0.0,0.0,0.0,0.0,0.0,0.0,0,3,0,0,0,0,0,0,0,0,0,0,1,0,0
2590527822,0.069330744,3.764943e-05,0.5313685,0.016256075,0.0,0.0,0.0,0.0,0.0,0.0,0,3,0,0,0,0,0,0,0,0,0,0,1,0,0
2590727896,0.050446983,0.12557341,0.53130144,0.027575579,0.0,0.0,0.0,0.0,0.0,0.0,0,3,0,0,0,0,0,0,0,0,0,0,1,0,0
2590947764,0.046276852,0.11700189,0.5313164,0.03510053,0.0,0.0,0.0,0.0,0.0,0.0,0,3,0,0,0,0,0,0,0,0,0,0,1,0,0
2591143799,0.008390077,0.07795398,0.53249705,0.011033447,0.0,0.0,0.0,0.0,0.0,0.0,0,3,0,0,0,0,0,0,0,0,0,0,1,0,0
2591339834,0.02539009,0.05701713,0.5325504,0.024463642,0.0,0.0,0.0,0.0,0.0,0.0,0,3,0,0,0,0,0,0,0,0,0,0,1,0,0
2591531807,0.034777157,0.043523513,0.5290211,0.004639834,0.0,0.0,0.0,0.0,0.0,0.0,0,3,0,0,0,0,0,0,0,0,0,0,1,0,0
2591731778,2.7043785e-05,0.03643852,0.51894385,-5.8409438e-05,0.0,0.0,0.0,0.0,0.0,0.0,0,3,0,0,0,0,0,0,0,0,0,0,1,0,0
2591927918,0.00015293586,0.020286536,0.51946145,8.649411e-05,0.0,0.0,0.0,0.0,0.0,0.0,0,3,0,0,0,0,0,0,0,0,0,0,1,0,0
2592151729,0.0002011167,-0.0007391035,0.5464493,7.875191e-05,0.0,0.0,0.0,0.0,0.0,0.0,0,3,0,0,0,0,0,0,0,0,0,0,1,0,0
2592355873,-0.00017487191,0.002650131,0.5490496,-5.8117606e-05,0.0,0.0,0.0,0.0,0.0,0.0,0,3,0,0,0,0,0,0,0,0,0,0,1,0,0
2592539815,-0.00013132923,-0.00015885277,0.5551366,-3.864173e-05,0.0,0.0,0.0,0.0,0.0,0.0,0,3,0,0,0,0,0,0,0,0,0,0,1,0,0
2592739938,8.149978e-05,0.00026249973,0.5748615,2.0477513e-05,0.0,0.0,0.0,0.0,0.0,0.0,0,3,0,0,0,0,0,0,0,0,0,0,1,0,0
2592953333,3.79943e-05,0.00024774493,0.57717645,6.866509e-06,0.0,0.0,0.0,0.0,0.0,0.0,0,3,0,0,0,0,0,0,0,0,0,0,1,0,0
2593149303,-1.2550026e-05,-0.00018656626,0.5771263,-3.0367307e-08,0.0,0.0,0.0,0.0,0.0,0.0,0,3,0,0,0,0,0,0,0,0,0,0,1,0,0
2593349331,-1.5764532e-06,0.09736428,0.5661014,-3.0486472e-06,0.0,0.0,0.0,0.0,0.0,0.0,0,3,0,0,0,0,0,0,0,0,0,0,1,0,0
2593553305,7.588012e-06,0.073996246,0.56638104,3.7786263e-06,0.0,0.0,0.0,0.0,0.0,0.0,0,3,0,0,0,0,0,0,0,0,0,0,1,0,0
2593753461,-8.662162e-06,0.045905847,0.56619537,-3.2960918e-06,0.0,0.0,0.0,0.0,0.0,0.0,0,3,0,0,0,0,0,0,0,0,0,0,1,0,0
2593965348,-7.0617752e-06,0.023922792,0.5674007,-2.2639954e-06,0.0,0.0,0.0,0.0,0.0,0.0,0,3,0,0,0,0,0,0,0,0,0,0,1,0,0
2594169624,4.858514e-06,0.029775621,0.56749934,1.3555727e-06,0.0,0.0,0.0,0.0,0.0,0.0,0,3,0,0,0,0,0,0,0,0,0,0,1,0,0
2594361510,-2.8259494e-06,0.019435853,0.56746465,-6.5646134e-07,0.0,0.0,0.0,0.0,0.0,0.0,0,3,0,0,0,0,0,0,0,0,0,0,1,0,0
2594573250,0.009164232,0.044208977,0.56746316,2.0141906e-07,0.0,0.0,0.0,0.0,0.0,0.0,0,3,0,0,0,0,0,0,0,0,0,0,1,0,0
2594769302,0.04210456,0.1319293,0.56748056,4.631675e-08,0.0,0.0,0.0,0.0,0.0,0.0,0,3,0,0,0,0,0,0,0,0,0,0,1,0,0
2594965457,0.024219804,0.0826966,0.56745976,-1.4772915e-07,0.0,0.0,0.0,0.0,0.0,0.0,0,3,0,0,0,0,0,0,0,0,0,0,1,0,0
2595173329,-0.0004710546,0.06811172,0.56747764,1.6161945e-07,0.0,0.0,0.0,0.0,0.0,0.0,0,3,0,0,0,0,0,0,0,0,0,0,1,0,0
2595369318,0.00032526138,0.06723876,0.566303,0.04903548,0.0,0.0,0.0,0.0,0.0,0.0,0,3,0,0,0,0,0,0,0,0,0,0,1,0,0
2595573775,-0.0001899579,0.04003284,0.56624347,0.04442161,0.0,0.0,0.0,0.0,0.0,0.0,0,3,0,0,0,0,0,0,0,0,0,0,1,0,0
2595797252,-7.945293e-05,0.013429022,0.5662565,-0.0006106775,0.0,0.0,0.0,0.0,0.0,0.0,0,3,0,0,0,0,0,0,0,0,0,0,1,0,0
2595997326,1.8645322e-05,0.0149363205,0.5650211,0.0030962252,0.0,0.0,0.0,0.0,0.0,0.0,0,3,0,0,0,0,0,0,0,0,0,0,1,0,0
2596185640,1.2682907e-05,0.03143946,0.56508464,0.006339491,0.0,0.0,0.0,0.0,0.0,0.0,0,3,0,0,0,0,0,0,0,0,0,0,1,0,0
2596399130,2.4465538e-05,0.021855397,0.54697406,0.009402859,0.0,0.0,0.0,0.0,0.0,0.0,0,3,0,0,0,0,0,0,0,0,0,0,1,0,0
2596599028,-2.3578856e-05,0.046370123,0.54699504,0.048179533,0.0,0.0,0.0,0.0,0.0,0.0,0,3,0,0,0,0,0,0,0,0,0,0,1,0,0
2596795239,1.8122211e-05,0.04757354,0.54698545,0.02025579,0.0,0.0,0.0,0.0,0.0,0.0,0,3,0,0,0,0,0,0,0,0,0,0,1,0,0
2596987150,-1.178177e-05,0.049028385,0.54698783,0.023667246,0.0,0.0,0.0,0.0,0.0,0.0,0,3,0,0,0,0,0,0,0,0,0,0,1,0,0
2597206931,-5.9017766e-06,0.08005512,0.54698664,0.039474763,0.0,0.0,0.0,0.0,0.0,0.0,0,3,0,0,0,0,0,0,0,0,0,0,1,0,0
2597402818,2.2918005e-06,0.038862776,0.54698944,0.0032810317,0.0,0.0,0.0,0.0,0.0,0.0,0,3,0,0,0,0,0,0,0,0,0,0,1,0,0
2597611093,-1.7747229e-07,0.058823228,0.5433293,0.051692657,0.0,0.0,0.0,0.0,0.0,0.0,0,3,0,0,0,0,0,0,0,0,0,0,1,0,0
2597814901,-8.1086534e-07,0.046905324,0.54339856,0.00044600977,0.0,0.0,0.0,0.0,0.0,0.0,0,3,0,0,0,0,0,0,0,0,0,0,1,0,0
2598006881,1.0810608e-06,0.00981314,0.5433624,-0.00024407759,0.0,0.0,0.0,0.0,0.0,0.0,0,3,0,0,0,0,0,0,0,0,0,0,1,0,0
2598206901,-9.706383e-07,0.032502588,0.5433759,0.0004969599,0.0,0.0,0.0,0.0,0.0,0.0,0,3,0,0,0,0,0,0,0,0,0,0,1,0,0
2598410903,-0.0023323197,0.022455323,0.54452795,0.00029797663,0.0,0.0,0.0,0.0,0.0,0.0,0,3,0,0,0,0,0,0,0,0,0,0,1,0,0
2598626888,-0.019805718,0.008840853,0.5457888,0.00022380559,0.0,0.0,0.0,0.0,0.0,0.0,0,3,0,0,0,0,0,0,0,0,0,0,1,0,0
2598831005,-0.007315276,2.9941195e-05,0.54577833,-0.00014484834,0.0,0.0,0.0,0.0,0.0,0.0,0,3,0,0,0,0,0,0,0,0,0,0,1,0,0
2599015073,-0.0460987,-0.00014963523,0.5507439,-8.474347e-05,0.0,0.0,0.0,0.0,0.0,0.0,0,3,0,0,0,0,0,0,0,0,0,0,1,0,0
2599214959,0.00027982733,0.00021331971,0.5505282,3.5768207e-05,0.0,0.0,0.0,0.0,0.0,0.0,0,3,0,0,0,0,0,0,0,0,0,0,1,0,0
2599438970,0.00018236159,0.06389215,0.5505782,3.8043154e-06,0.0,0.0,0.0,0.0,0.0,0.0,0,3,0,0,0,0,0,0,0,0,0,0,1,0,0
2599630925,-0.00010360801,0.061669312,0.55060184,9.492298e-06,0.0,0.0,0.0,0.0,0.0,0.0,0,3,0,0,0,0,0,0,0,0,0,0,1,0,0
2599827055,4.5984336e-05,0.124388136,0.5518689,-1.3432076e-05,0.0,0.0,0.0,0.0,0.0,0.0,0,3,0,0,0,0,0,0,0,0,0,0,1,0,0
2600028607,-0.0009981847,0.14171068,0.5625497,1.2321188e-05,0.0,0.0,0.0,0.0,0.0,0.0,0,3,0,0,0,0,0,0,0,0,0,0,1,0,0
2600232553,0.00035422,0.11742653,0.56271267,-9.178741e-06,0.0,0.0,0.0,0.0,0.0,0.0,0,3,0,0,0,0,0,0,0,0,0,0,1,0,0
2600432538,-0.00012796873,0.13418175,0.5626193,5.797282e-06,0.0,0.0,0.0,0.0,0.0,0.0,0,3,0,0,0,0,0,0,0,0,0,0,1,0,0
2600652415,1.0596808e-05,0.13779168,0.56264156,2.779758e-06,0.0,0.0,0.0,0.0,0.0,0.0,0,3,0,0,0,0,0,0,0,0,0,0,1,0,0
2600848526,-6.218109e-05,0.14304309,0.562649,-9.828274e-07,0.0,0.0,0.0,0.0,0.0,0.0,0,3,0,0,0,0,0,0,0,0,0,0,1,0,0
2601044646,7.202826e-05,0.15681116,0.5651663,-3.5663877e-08,0.0,0.0,0.0,0.0,0.0,0.0,0,3,0,0,0,0,0,0,0,0,0,0,1,0,0
2601248606,-6.1001865e-05,0.16437376,0.5649935,4.8579994e-07,0.0,0.0,0.0,0.0,0.0,0.0,0,3,0,0,0,0,0,0,0,0,0,0,1,0,0
2601452376,4.2959018e-05,0.10428746,0.54974484,-5.8387195e-07,0.0,0.0,0.0,0.0,0.0,0.0,0,3,0,0,0,0,0,0,0,0,0,0,1,0,0
2601640485,-2.5632886e-05,0.072286375,0.5492054,5.026998e-07,0.0,0.0,0.0,0.0,0.0,0.0,0,3,0,0,0,0,0,0,0,0,0,0,1,0,0
2601840550,1.2347177e-05,0.0078052212,0.5494788,-3.583725e-07,0.0,0.0,0.0,0.0,0.0,0.0,0,3,0,0,0,0,0,0,0,0,0,0,1,0,0
2602044508,-3.7268262e-06,0.0008472033,0.54938364,2.1662343e-07,0.0,0.0,0.0,0.0,0.0,0.0,0,3,0,0,0,0,0,0,0,0,0,0,1,0,0
2602264704,1.2734374e-06,0.067497216,0.5494189,9.655994e-08,0.0,0.0,0.0,0.0,0.0,0.0,0,3,0,0,0,0,0,0,0,0,0,0,1,0,0
2602460544,-2.9351027e-06,-0.025670296,0.54936725,-2.8207975e-08,0.0,0.0,0.0,0.0,0.0,0.0,0,3,0,0,0,0,0,0,0,0,0,0,1,0,0
2602660727,3.0524964e-06,-0.0015107932,0.5494255,-8.56715e-09,0.0,0.0,0.0,0.0,0.0,0.0,0,3,0,0,0,0,0,0,0,0,0,0,1,0,0
2602868525,2.3645382e-06,-0.0008289943,0.5494175,-2.393425e-08,0.0,0.0,0.0,0.0,0.0,0.0,0,3,0,0,0,0,0,0,0,0,0,0,1,0,0
2603068407,-1.5675917e-06,0.00037804217,0.54938525,2.4565006e-08,0.0,0.0,0.0,0.0,0.0,0.0,0,3,0,0,0,0,0,0,0,0,0,0,1,0,0
2603268532,8.731206e-07,0.10835999,0.5494039,-1.9577485e-08,0.0,0.0,0.0,0.0,0.0,0.0,0,3,0,0,0,0,0,0,0,0,0,0,1,0,0
2603474055,-3.7365635e-07,0.11765876,0.5493954,1.3135987e-08,0.0,0.0,0.0,0.0,0.0,0.0,0,3,0,0,0,0,0,0,0,0,0,0,1,0,0
2603674302,6.900652e-08,0.099162504,0.5493975,-7.422725e-09,0.0,0.0,0.0,0.0,0.0,0.0,0,3,0,0,0,0,0,0,0,0,0,0,1,0,0
2603874169,8.271395e-08,0.11012304,0.54939866,3.2626957e-09,0.0,0.0,0.0,0.0,0.0,0.0,0,3,0,0,0,0,0,0,0,0,0,0,1,0,0
2604082042,-1.3316388e-07,0.12209918,0.5493963,-6.928214e-10,0.0,0.0,0.0,0.0,0.0,0.0,0,3,0,0,0,0,0,0,0,0,0,0,1,0,0
2604274158,1.2727236e-07,0.07533855,0.5288852,-6.1087047e-10,0.0,0.0,0.0,0.0,0.0,0.0,0,3,0,0,0,0,0,0,0,0,0,0,1,0,0
2604474111,-0.0006216363,0.0010988632,0.53009206,1.0657244e-09,0.0,0.0,0.0,0.0,0.0,0.0,0,3,0,0,0,0,0,0,0,0,0,0,1,0,0
2604678121,0.00037677548,-0.0006276238,0.52889496,-1.0415587e-09,0.0,0.0,0.0,0.0,0.0,0.0,0,3,0,0,0,0,0,0,0,0,0,0,1,0,0
2604890414,-0.00018588958,0.00028119754,0.5289262,8.072331e-10,0.0,0.0,0.0,0.0,0.0,0.0,0,3,0,0,0,0,0,0,0,0,0,0,1,0,0
2605094043,6.0222465e-05,-6.5164604e-05,0.5289119,-5.28744e-10,0.0,0.0,0.0,0.0,0.0,0.0,0,3,0,0,0,0,0,0,0,0,0,0,1,0,0
2605290102,9.18803e-06,-4.591366e-05,0.5289155,2.9014094e-10,0.0,0.0,0.0,0.0,0.0,0.0,0,3,0,0,0,0,0,0,0,0,0,0,1,0,0
2605490105,-3.8406717e-05,8.598908e-05,0.5289175,-1.2065177e-10,0.0,0.0,0.0,0.0,0.0,0.0,0,3,0,0,0,0,0,0,0,0,0,0,1,0,0
2605698101,-4.2922176e-05,8.4064566e-05,0.49298632,-1.0811905e-11,0.0,0.0,0.0,0.0,0.0,0.0,0,3,0,0,0,0,0,0,0,0,0,0,1,0,0
2605898440,3.507694e-05,-6.450459e-05,0.4926581,-3.4379884e-11,0.0,0.0,0.0,0.0,0.0,0.0,0,3,0,0,0,0,0,0,0,0,0,0,1,0,0
2606094218,-0.019536206,4.187544e-05,0.50847256,4.731595e-11,0.0,0.0,0.0,0.0,0.0,0.0,0,3,0,0,0,0,0,0,0,0,0,0,1,0,0
2606298187,-0.022349466,-2.2720444e-05,0.5060316,-4.297909e-11,0.0,0.0,0.0,0.0,0.0,0.0,0,3,0,0,0,0,0,0,0,0,0,0,1,0,0
2606498216,-0.023724508,9.237121e-06,0.50714886,3.1810096e-11,0.0,0.0,0.0,0.0,0.0,0.0,0,3,0,0,0,0,0,0,0,0,0,0,1,0,0
2606722198,-0.00015425417,5.8668303e-07,0.50591356,-0.027828405,0.0,0.0,0.0,0.0,0.0,0.0,0,3,0,0,0,0,0,0,0,0,0,0,1,0,0
2606906442,-0.00018303536,-2.6750558e-06,0.5059504,-0.04314367,0.0,0.0,0.0,0.0,0.0,0.0,0,3,0,0,0,0,0,0,0,0,0,0,1,0,0
2607119885,-0.10681488,-3.861221e-06,0.50723815,-0.035850186,0.0,0.0,0.0,0.0,0.0,0.0,0,3,0,0,0,0,0,0,0,0,0,0,1,0,0
2607315744,-0.0866262,0.14617708,0.5072161,-0.046307117,0.0,0.0,0.0,0.0,0.0,0.0,0,3,0,0,0,0,0,0,0,0,0,0,1,0,0
2607516018,-0.11803581,0.029737627,0.5167907,-0.03407339,0.0,0.0,0.0,0.0,0.0,0.0,0,3,0,0,0,0,0,0,0,0,0,0,1,0,0
2607739891,-0.1361749,-0.00039873045,0.5168286,-0.021514496,0.0,0.0,0.0,0.0,0.0,0.0,0,3,0,0,0,0,0,0,0,0,0,0,1,0,0
2607939746,-0.10559964,1.8539293e-05,0.51688284,-0.06514819,0.0,0.0,0.0,0.0,0.0,0.0,0,3,0,0,0,0,0,0,0,0,0,0,1,0,0
2608139869,-0.15639526,0.00015634231,0.52408767,-0.03666137,0.0,0.0,0.0,0.0,0.0,0.0,0,3,0,0,0,0,0,0,0,0,0,0,1,0,0
2608339705,-0.116576396,-0.0002013945,0.5265092,-0.021738552,0.0,0.0,0.0,0.0,0.0,0.0,0,3,0,0,0,0,0,0,0,0,0,0,1,0,0
2608527746,-0.1536507,-0.0001828596,0.54533184,-0.0051247906,0.0,0.0,0.0,0.0,0.0,0.0,0,3,0,0,0,0,0,0,0,0,0,0,1,0,0
2608740020,-0.15529612,-0.014966336,0.5466964,-0.0026743503,0.0,0.0,0.0,0.0,0.0,0.0,0,3,0,0,0,0,0,0,0,0,0,0,1,0,0
2608939806,-0.2533403,-0.053146917,0.5590958,-0.0021072102,0.0,0.0,0.0,0.0,0.0,0.0,0,3,0,0,0,0,0,0,0,0,0,0,1,0,0
2609143808,-0.21902014,0.0010416178,0.56495523,-0.0025776615,0.0,0.0,0.0,0.0,0.0,0.0,0,3,0,0,0,0,0,0,0,0,0,0,1,0,0
2609343865,-0.24132796,-0.00062391104,0.5650861,-0.0023693931,0.0,0.0,0.0,0.0,0.0,0.0,0,3,0,0,0,0,0,0,0,0,0,0,1,0,0
2609547730,-0.25213173,0.0003023364,0.5650755,-6.240841e-05,0.0,0.0,0.0,0.0,0.0,0.0,0,3,0,0,0,0,0,0,0,0,0,0,1,0,0
2609743849,-0.21345109,-9.292525e-05,0.5650298,4.2970614e-06,0.0,0.0,0.0,0.0,0.0,0.0,0,3,0,0,0,0,0,0,0,0,0,0,1,0,0
2609947725,-0.1779496,0.025135763,0.565091,2.2743527e-05,0.0,0.0,0.0,0.0,0.0,0.0,0,3,0,0,0,0,0,0,0,0,0,0,1,0,0
2610151734,-0.2240009,0.00030836565,0.56503594,-3.0019077e-05,0.0,0.0,0.0,0.0,0.0,0.0,0,3,0,0,0,0,0,0,0,0,0,0,1,0,0
2610351821,-0.20389406,-0.00021786422,0.5639057,2.68478e-05,0.0,0.0,0.0,0.0,0.0,0.0,0,3,0,0,0,0,0,0,0,0,0,0,1,0,0
2610563772,-0.2527302,-0.000121828954,0.5638798,1.8802288e-05,0.0,0.0,0.0,0.0,0.0,0.0,0,3,0,0,0,0,0,0,0,0,0,0,1,0,0
2610753482,-0.23081027,5.71745e-05,0.5638465,-1.14624545e-05,0.0,0.0,0.0,0.0,0.0,0.0,0,3,0,0,0,0,0,0,0,0,0,0,1,0,0
2610973213,-0.21634139,1.2556132e-05,0.5480832,-5.185953e-06,0.0,0.0,0.0,0.0,0.0,0.0,0,3,0,0,0,0,0,0,0,0,0,0,1,0,0
2611165360,-0.22669972,7.6261563e-06,0.5413131,1.5816654e-06,0.0,0.0,0.0,0.0,0.0,0.0,0,3,0,0,0,0,0,0,0,0,0,0,1,0,0
2611357323,-0.22206315,-1.5062033e-05,0.52515423,3.7771224e-07,0.0,0.0,0.0,0.0,0.0,0.0,0,3,0,0,0,0,0,0,0,0,0,0,1,0,0
2611581505,-0.21778409,-1.4922236e-05,0.5204383,1.2157486e-06,0.0,0.0,0.0,0.0,0.0,0.0,0,3,0,0,0,0,0,0,0,0,0,0,1,0,0
2611785358,-0.2134539,1.1528927e-05,0.49473098,-1.2700577e-06,0.0,0.0,0.0,0.0,0.0,0.0,0,3,0,0,0,0,0,0,0,0,0,0,1,0,0
2611981363,-0.21509747,-7.5304993e-06,0.49355474,1.0219861e-06,0.0,0.0,0.0,0.0,0.0,0.0,0,3,0,0,0,0,0,0,0,0,0,0,1,0,0
2612185308,-0.2752886,4.11798e-06,0.4941566,-6.912511e-07,0.0,0.0,0.0,0.0,0.0,0.0,0,3,0,0,0,0,0,0,0,0,0,0,1,0,0
2612381455,-0.24681316,-1.700669e-06,0.513584,3.943031e-07,0.0,0.0,0.0,0.0,0.0,0.0,0,3,0,0,0,0,0,0,0,0,0,0,1,0,0
2612573387,-0.21433312,-0.0002829564,0.50595784,-1.7625129e-07,0.0,0.0,0.0,0.0,0.0,0.0,0,3,0,0,0,0,0,0,0,0,0,0,1,0,0
2612773494,-0.27270955,0.00014567106,0.49409753,4.043547e-08,0.0,0.0,0.0,0.0,0.0,0.0,0,3,0,0,0,0,0,0,0,0,0,0,1,0,0
2612989304,-0.25838274,4.5008863e-05,0.49403775,-3.3883122e-08,0.0,0.0,0.0,0.0,0.0,0.0,0,3,0,0,0,0,0,0,0,0,0,0,1,0,0
2613189318,-0.29560348,4.2559063e-06,0.49395123,5.524462e-08,0.0,0.0,0.0,0.0,0.0,0.0,0,3,0,0,0,0,0,0,0,0,0,0,1,0,0
2613385419,-0.2759689,-0.040981587,0.49397862,-5.2990632e-08,0.0,0.0,0.0,0.0,0.0,0.0,0,3,0,0,0,0,0,0,0,0,0,0,1,0,0
2613581370,-0.26755014,-0.020288683,0.49398366,4.0610818e-08,0.0,0.0,0.0,0.0,0.0,0.0,0,3,0,0,0,0,0,0,0,0,0,0,1,0,0
2613805439,-0.28113243,0.00047562586,0.49398673,2.484016e-08,0.0,0.0,0.0,0.0,0.0,0.0,0,3,0,0,0,0,0,0,0,0,0,0,1,0,0
2613985329,-0.2664745,-2.0406687e-06,0.49398574,1.42678545e-08,0.0,0.0,0.0,0.0,0.0,0.0,0,3,0,0,0,0,0,0,0,0,0,0,1,0,0
2614205336,-0.29217577,-0.00017344994,0.4939829,-0.004847256,0.0,0.0,0.0,0.0,0.0,0.0,0,3,0,0,0,0,0,0,0,0,0,0,1,0,0
2614410940,-0.2671704,0.00020140417,0.4939716,-0.02845782,0.0,0.0,0.0,0.0,0.0,0.0,0,3,0,0,0,0,0,0,0,0,0,0,1,0,0
2614594926,-0.25667748,0.00017568472,0.49397352,-0.02414388,0.0,0.0,0.0,0.0,0.0,0.0,0,3,0,0,0,0,0,0,0,0,0,0,1,0,0
2614799090,-0.2606576,-0.00012612506,0.4939768,-0.01270205,0.0,0.0,0.0,0.0,0.0,0.0,0,3,0,0,0,0,0,0,0,0,0,0,1,0,0
2614999065,-0.24659196,7.6793105e-05,0.49397588,-0.034179877,0.0,0.0,0.0,0.0,0.0,0.0,0,3,0,0,0,0,0,0,0,0,0,0,1,0,0
2615218945,-0.2413821,3.4667162e-05,0.4939763,-0.034104366,0.0,0.0,0.0,0.0,0.0,0.0,0,3,0,0,0,0,0,0,0,0,0,0,1,0,0
2615414926,-0.21837968,-1.0508401e-05,0.49397543,-0.012091192,0.0,0.0,0.0,0.0,0.0,0.0,0,3,0,0,0,0,0,0,0,0,0,0,1,0,0
2615606903,-0.10595885,0.09602764,0.49397632,6.832535e-05,0.0,0.0,0.0,0.0,0.0,0.0,0,3,0,0,0,0,0,0,0,0,0,0,1,0,0
2615827315,-0.18116446,-4.947841e-05,0.49397618,4.1312407e-05,0.0,0.0,0.0,0.0,0.0,0.0,0,3,0,0,0,0,0,0,0,0,0,0,1,0,0
2616018838,-0.13207835,-4.702735e-05,0.49397573,-2.1549899e-05,0.0,0.0,0.0,0.0,0.0,0.0,0,3,0,0,0,0,0,0,0,0,0,0,1,0,0
2616214984,-0.14568284,8.032038e-05,0.49397597,8.045222e-06,0.0,0.0,0.0,0.0,0.0,0.0,0,3,0,0,0,0,0,0,0,0,0,0,1,0,0
2616418912,-0.13904467,0.06643607,0.49397588,-2.491656e-07,0.0,0.0,0.0,0.0,0.0,0.0,0,3,0,0,0,0,0,0,0,0,0,0,1,0,0
2616619138,-0.03990427,0.088112056,0.4939759,-3.308416e-06,0.0,0.0,0.0,0.0,0.0,0.0,0,3,0,0,0,0,0,0,0,0,0,0,1,0,0
2616818977,-0.00019263627,-3.2716824e-05,0.49397594,4.197454e-06,0.0,0.0,0.0,0.0,0.0,0.0,0,3,0,0,0,0,0,0,0,0,0,0,1,0,0
2617038910,7.133223e-05,3.283976e-05,0.49397594,3.5969326e-06,0.0,0.0,0.0,0.0,0.0,0.0,0,3,0,0,0,0,0,0,0,0,0,0,1,0,0
2617234993,-0.0001581463,-5.1017945e-05,0.48317543,-2.5583008e-06,0.0,0.0,0.0,0.0,0.0,0.0,0,3,0,0,0,0,0,0,0,0,0,0,1,0,0
2617430931,-0.07060906,-0.025597394,0.4760842,1.5426622e-06,0.0,0.0,0.0,0.0,0.0,0.0,0,3,0,0,0,0,0,0,0,0,0,0,1,0,0
2617630804,-0.16243316,-0.0022974547,0.47580886,-7.552105e-07,0.0,0.0,0.0,0.0,0.0,0.0,0,3,0,0,0,0,0,0,0,0,0,0,1,0,0
2617830925,-0.13299991,9.7948956e-05,0.4759394,2.3926935e-07,0.0,0.0,0.0,0.0,0.0,0.0,0,3,0,0,0,0,0,0,0,0,0,0,1,0,0
2618052584,-0.06934554,5.2345466e-05,0.4759027,-6.393006e-08,0.0,0.0,0.0,0.0,0.0,0.0,0,3,0,0,0,0,0,0,0,0,0,0,1,0,0
2618244667,-0.043833766,-2.2874536e-05,0.4759186,1.6767781e-07,0.0,0.0,0.0,0.0,0.0,0.0,0,3,0,0,0,0,0,0,0,0,0,0,1,0,0
2618460544,-0.046271723,-3.313465e-06,0.47832918,1.7608131e-07,0.0,0.0,0.0,0.0,0.0,0.0,0,3,0,0,0,0,0,0,0,0,0,0,1,0,0
2618652521,-0.071972415,-5.0443296e-06,0.48787212,-1.3995528e-07,0.0,0.0,0.0,0.0,0.0,0.0,0,3,0,0,0,0,0,0,0,0,0,0,1,0,0
2618860523,-0.044404935,7.718914e-06,0.4903975,9.369449e-08,0.0,0.0,0.0,0.0,0.0,0.0,0,3,0,0,0,0,0,0,0,0,0,0,1,0,0
2619056532,-0.075190194,-7.265328e-06,0.5189447,-5.2800797e-08,0.0,0.0,0.0,0.0,0.0,0.0,0,3,0,0,0,0,0,0,0,0,0,0,1,0,0
2619260490,-0.10244469,5.5026535e-06,0.5194511,2.3094355e-08,0.0,0.0,0.0,0.0,0.0,0.0,0,3,0,0,0,0,0,0,0,0,0,0,1,0,0
2619464713,-0.16998792,0.004528838,0.51921165,-4.7877204e-09,0.0,0.0,0.0,0.0,0.0,0.0,0,3,0,0,0,0,0,0,0,0,0,0,1,0,0
2619664510,-0.18351427,0.007879725,0.5192797,-4.467408e-09,0.0,0.0,0.0,0.0,0.0,0.0,0,3,0,0,0,0,0,0,0,0,0,0,1,0,0
2619876502,-0.21486679,5.55977e-05,0.51924926,-7.772145e-09,0.0,0.0,0.0,0.0,0.0,0.0,0,3,0,0,0,0,0,0,0,0,0,0,1,0,0
2620080394,-0.16099744,-0.000558354,0.5193106,7.3198225e-09,0.0,0.0,0.0,0.0,0.0,0.0,0,3,0,0,0,0,0,0,0,0,0,0,1,0,0
2620280501,-0.14893107,0.029791253,0.5192483,-5.5464504e-09,0.0,0.0,0.0,0.0,0.0,0.0,0,3,0,0,0,0,0,0,0,0,0,0,1,0,0
2620476407,-0.19764093,0.08300568,0.51929766,3.5594407e-09,0.0,0.0,0.0,0.0,0.0,0.0,0,3,0,0,0,0,0,0,0,0,0,0,1,0,0
2620680535,-0.20934142,0.06839427,0.5192647,-1.902755e-09,0.0,0.0,0.0,0.0,0.0,0.0,0,3,0,0,0,0,0,0,0,0,0,0,1,0,0
2620880530,-0.18852812,0.09428525,0.5192832,7.499708e-10,0.0,0.0,0.0,0.0,0.0,0.0,0,3,0,0,0,0,0,0,0,0,0,0,1,0,0
2621080535,-0.1852621,0.057892732,0.5192751,-7.092026e-11,0.0,0.0,0.0,0.0,0.0,0.0,0,3,0,0,0,0,0,0,0,0,0,0,1,0,0
2621288563,-0.17328659,0.048211016,0.51927674,-2.4948527e-10,0.0,0.0,0.0,0.0,0.0,0.0,0,3,0,0,0,0,0,0,0,0,0,0,1,0,0
2621480672,-0.20347986,0.016896935,0.5192784,3.3997055e-10,0.0,0.0,0.0,0.0,0.0,0.0,0,3,0,0,0,0,0,0,0,0,0,0,1,0,0
2621681984,-0.1615347,0.009962526,0.5181232,-3.0770755e-10,0.0,0.0,0.0,0.0,0.0,0.0,0,3,0,0,0,0,0,0,0,0,0,0,1,0,0
2621882193,-0.1289125,0.072641775,0.51081914,2.2719249e-10,0.0,0.0,0.0,0.0,0.0,0.0,0,3,0,0,0,0,0,0,0,0,0,0,1,0,0
2622090209,-0.07894684,0.17879467,0.51085365,-1.4226562e-10,0.0,0.0,0.0,0.0,0.0,0.0,0,3,0,0,0,0,0,0,0,0,0,0,1,0,0
2622290057,-0.07991247,0.18257758,0.5108416,7.357391e-11,0.0,0.0,0.0,0.0,0.0,0.0,0,3,0,0,0,0,0,0,0,0,0,0,1,0,0
2622494172,-0.087222,0.08301342,0.49794984,-2.6916714e-11,0.0,0.0,0.0,0.0,0.0,0.0,0,3,0,0,0,0,0,0,0,0,0,0,1,0,0
2622698134,-0.09325882,-0.0012525141,0.49140614,1.7247549e-13,0.0,0.0,0.0,0.0,0.0,0.0,0,3,0,0,0,0,0,0,0,0,0,0,1,0,0
2622914219,-0.10797609,-0.00040449083,0.49150285,-1.2565318e-11,0.0,0.0,0.0,0.0,0.0,0.0,0,3,0,0,0,0,0,0,0,0,0,0,1,0,0
2623118158,-0.09235483,0.06786223,0.49157783,1.471368e-11,0.0,0.0,0.0,0.0,0.0,0.0,0,3,0,0,0,0,0,0,0,0,0,0,1,0,0
2623310129,-0.10951637,0.0018192091,0.4915805,-1.25227355e-11,0.0,0.0,0.0,0.0,0.0,0.0,0,3,0,0,0,0,0,0,0,0,0,0,1,0,0
2623506232,-0.090124704,0.03181265,0.4915435,8.851459e-12,0.0,0.0,0.0,0.0,0.0,0.0,0,3,0,0,0,0,0,0,0,0,0,0,1,0,0
2623702106,-0.12929735,0.00038758776,0.4927587,-5.3025266e-12,0.0,0.0,0.0,0.0,0.0,0.0,0,3,0,0,0,0,0,0,0,0,0,0,1,0,0
2623906191,-0.10501044,0.106185354,0.49277204,2.569762e-12,0.0,0.0,0.0,0.0,0.0,0.0,0,3,0,0,0,0,0,0,0,0,0,0,1,0,0
2624126167,-0.08802355,0.14263588,0.49276638,6.4655936e-13,0.0,0.0,0.0,0.0,0.0,0.0,0,3,0,0,0,0,0,0,0,0,0,0,1,0,0
2624326312,-0.077454895,0.052463904,0.49277696,2.4692176e-13,0.0,0.0,0.0,0.0,0.0,0.0,0,3,0,0,0,0,0,0,0,0,0,0,1,0,0
2624526221,-0.11455624,-0.0008888931,0.49276593,-5.955631e-13,0.0,0.0,0.0,0.0,0.0,0.0,0,3,0,0,0,0,0,0,0,0,0,0,1,0,0
2624734125,-0.10507803,0.00054599834,0.51376474,6.245023e-13,0.0,0.0,0.0,0.0,0.0,0.0,0,3,0,0,0,0,0,0,0,0,0,0,1,0,0
2624938318,-0.1219377,0.08155323,0.51483285,-5.0352284e-13,0.0,0.0,0.0,0.0,0.0,0.0,0,3,0,0,0,0,0,0,0,0,0,0,1,0,0
2625138140,-0.09560799,0.14350776,0.5143062,3.411326e-13,0.0,0.0,0.0,0.0,0.0,0.0,0,3,0,0,0,0,0,0,0,0,0,0,1,0,0
2625335710,-0.0800821,0.09814875,0.51447654,-1.9495698e-13,0.0,0.0,0.0,0.0,0.0,0.0,0,3,0,0,0,0,0,0,0,0,0,0,1,0,0
2625535780,-0.0922863,0.09960324,0.5145029,8.74427e-14,0.0,0.0,0.0,0.0,0.0,0.0,0,3,0,0,0,0,0,0,0,0,0,0,1,0,0
2625735756,-0.14203438,0.022227239,0.51439375,-2.0352977e-14,0.0,0.0,0.0,0.0,0.0,0.0,0,3,0,0,0,0,0,0,0,0,0,0,1,0,0
2625944082,-0.15790845,0.026681641,0.5145167,-1.4165821e-14,0.0,0.0,0.0,0.0,0.0,0.0,0,3,0,0,0,0,0,0,0,0,0,0,1,0,0
2626139765,-0.17059968,0.021843262,0.51441395,2.6641275e-14,0.0,0.0,0.0,0.0,0.0,0.0,0,3,0,0,0,0,0,0,0,0,0,0,1,0,0
2626343725,-0.18096066,-0.00022295406,0.51448554,-2.653312e-14,0.0,0.0,0.0,0.0,0.0,0.0,0,3,0,0,0,0,0,0,0,0,0,0,1,0,0
2626539723,-0.17775203,0.00012556263,0.5144433,2.079194e-14,0.0,0.0,0.0,0.0,0.0,0.0,0,3,0,0,0,0,0,0,0,0,0,0,1,0,0
2626739706,-0.17615446,0.0022781806,0.5144633,-1.3751295e-14,0.0,0.0,0.0,0.0,0.0,0.0,0,3,0,0,0,0,0,0,0,0,0,0,1,0,0
2626963790,-0.14226574,0.036053296,0.52267885,-7.0591717e-15,0.0,0.0,0.0,0.0,0.0,0.0,0,3,0,0,0,0,0,0,0,0,0,0,1,0,0
2627168265,-0.15616545,0.009889518,0.52301335,2.8739038e-15,0.0,0.0,0.0,0.0,0.0,0.0,0,3,0,0,0,0,0,0,0,0,0,0,1,0,0
2627351713,-0.17743254,0.00025661194,0.5229525,5.8133613e-16,0.0,0.0,0.0,0.0,0.0,0.0,0,3,0,0,0,0,0,0,0,0,0,0,1,0,0
2627547851,-0.14231788,-0.00012970636,0.52287513,7.428399e-16,0.0,0.0,0.0,0.0,0.0,0.0,0,3,0,0,0,0,0,0,0,0,0,0,1,0,0
2627763824,-0.11981494,-3.786621e-05,0.5229003,1.190446e-15,0.0,0.0,0.0,0.0,0.0,0.0,0,3,0,0,0,0,0,0,0,0,0,0,1,0,0
2627967838,-0.08374824,-6.368499e-06,0.5228751,-1.0984024e-15,0.0,0.0,0.0,0.0,0.0,0.0,0,3,0,0,0,0,0,0,0,0,0,0,1,0,0
2628159802,-0.036279153,-0.0049058557,0.5229081,-0.002352734,0.0,0.0,0.0,0.0,0.0,0.0,0,3,0,0,0,0,0,0,0,0,0,0,1,0,0
2628355938,-3.0233621e-05,0.00016351849,0.53334415,-0.00011252904,0.0,0.0,0.0,0.0,0.0,0.0,0,3,0,0,0,0,0,0,0,0,0,0,1,0,0
2628555778,2.5958134e-05,-0.02469691,0.53762954,5.443505e-05,0.0,0.0,0.0,0.0,0.0,0.0,0,3,0,0,0,0,0,0,0,0,0,0,1,0,0
2628755718,-0.0023515006,-0.0230438,0.5372059,-1.6644688e-05,0.0,0.0,0.0,0.0,0.0,0.0,0,3,0,0,0,0,0,0,0,0,0,0,1,0,0
2628961336,-0.07470639,-0.0022488327,0.5374008,-3.9120305e-06,0.0,0.0,0.0,0.0,0.0,0.0,0,3,0,0,0,0,0,0,0,0,0,0,1,0,0
2629157329,-0.093042105,0.0011985081,0.54793966,1.2310335e-05,0.0,0.0,0.0,0.0,0.0,0.0,0,3,0,0,0,0,0,0,0,0,0,0,1,0,0
2629365338,-0.11971056,-0.00046931434,0.5284541,-1.3445116e-05,0.0,0.0,0.0,0.0,0.0,0.0,0,3,0,0,0,0,0,0,0,0,0,0,1,0,0
2629581602,-0.018863508,-8.824505e-06,0.50515556,-1.070793e-05,0.0,0.0,0.0,0.0,0.0,0.0,0,3,0,0,0,0,0,0,0,0,0,0,1,0,0
2629785384,-0.0005828195,7.177723e-05,0.49047267,7.2462617e-06,0.0,0.0,0.0,0.0,0.0,0.0,0,3,0,0,0,0,0,0,0,0,0,0,1,0,0
2629985223,0.00021609117,6.244746e-05,0.49023372,-4.1358353e-06,0.0,0.0,0.0,0.0,0.0,0.0,0,3,0,0,0,0,0,0,0,0,0,0,1,0,0
2630185397,-0.031886157,-0.0013533867,0.4904692,1.8506737e-06,0.0,0.0,0.0,0.0,0.0,0.0,0,3,0,0,0,0,0,0,0,0,0,0,1,0,0
2630381309,-0.00057780294,0.00086296134,0.4902858,-4.2649737e-07,0.0,0.0,0.0,0.0,0.0,0.0,0,3,0,0,0,0,0,0,0,0,0,0,1,0,0
2630577311,0.0003328173,-0.0004574021,0.49040642,-3.0510682e-07,0.0,0.0,0.0,0.0,0.0,0.0,0,3,0,0,0,0,0,0,0,0,0,0,1,0,0
2630797324,0.00013544234,0.00022459957,0.49038094,-5.7801566e-07,0.0,0.0,0.0,0.0,0.0,0.0,0,3,0,0,0,0,0,0,0,0,0,0,1,0,0
2630989199,-0.11286372,-0.00025575506,0.50000834,5.5497566e-07,0.0,0.0,0.0,0.0,0.0,0.0,0,3,0,0,0,0,0,0,0,0,0,0,1,0,0
2631181434,-0.10935915,0.00021488967,0.49998716,-4.2556144e-07,0.0,0.0,0.0,0.0,0.0,0.0,0,3,0,0,0,0,0,0,0,0,0,0,1,0,0
2631401420,-0.11898307,0.00014313855,0.50114065,-2.6045245e-07,0.0,0.0,0.0,0.0,0.0,0.0,0,3,0,0,0,0,0,0,0,0,0,0,1,0,0
2631593880,-0.11486673,-8.317364e-05,0.5012457,1.3789091e-07,0.0,0.0,0.0,0.0,0.0,0.0,0,3,0,0,0,0,0,0,0,0,0,0,1,0,0
2631813221,-0.13652512,-3.4446562e-05,0.50122464,4.611465e-08,0.0,0.0,0.0,0.0,0.0,0.0,0,3,0,0,0,0,0,0,0,0,0,0,1,0,0
2631997222,-0.15316069,-0.027132198,0.50121313,3.7436623e-09,0.0,0.0,0.0,0.0,0.0,0.0,0,3,0,0,0,0,0,0,0,0,0,0,1,0,0
2632201329,-0.17787172,-0.02312647,0.5012043,1.9293013e-08,0.0,0.0,0.0,0.0,0.0,0.0,0,3,0,0,0,0,0,0,0,0,0,0,1,0,0
2632421523,-0.25830895,-9.2086026e-05,0.5012081,2.5528744e-08,0.0,0.0,0.0,0.0,0.0,0.0,0,3,0,0,0,0,0,0,0,0,0,0,1,0,0
2632622819,-0.23899136,3.8025944e-05,0.5012008,-2.2245233e-08,0.0,0.0,0.0,0.0,0.0,0.0,0,3,0,0,0,0,0,0,0,0,0,0,1,0,0
2632826816,-0.21736145,-5.56899e-06,0.5012083,1.5997093e-08,0.0,0.0,0.0,0.0,0.0,0.0,0,3,0,0,0,0,0,0,0,0,0,0,1,0,0
2633010977,-0.19777797,9.098735e-06,0.52676326,1.0397284e-08,0.0,0.0,0.0,0.0,0.0,0.0,0,3,0,0,0,0,0,0,0,0,0,0,1,0,0
2633211150,-0.17775874,-1.4942073e-05,0.5324152,-5.321235e-09,0.0,0.0,0.0,0.0,0.0,0.0,0,3,0,0,0,0,0,0,0,0,0,0,1,0,0
2633434867,-0.14580424,-1.4076105e-05,0.5324814,-1.6152862e-09,0.0,0.0,0.0,0.0,0.0,0.0,0,3,0,0,0,0,0,0,0,0,0,0,1,0,0
2633622979,-0.10627629,1.0589237e-05,0.5325422,-1.8915694e-10,0.0,0.0,0.0,0.0,0.0,0.0,0,3,0,0,0,0,0,0,0,0,0,0,1,0,0
2633834907,-0.02821733,6.354423e-06,0.53252184,-9.995693e-10,0.0,0.0,0.0,0.0,0.0,0.0,0,3,0,0,0,0,0,0,0,0,0,0,1,0,0
2634034990,-0.028683063,0.00018479925,0.5325445,1.0915462e-09,0.0,0.0,0.0,0.0,0.0,0.0,0,3,0,0,0,0,0,0,0,0,0,0,1,0,0
2634230894,-0.05351317,0.019857613,0.53001595,-8.9869956e-10,0.0,0.0,0.0,0.0,0.0,0.0,0,3,0,0,0,0,0,0,0,0,0,0,1,0,0
2634446890,-0.104114026,-7.2359677e-07,0.5288204,-5.8820887e-10,0.0,0.0,0.0,0.0,0.0,0.0,0,3,0,0,0,0,0,0,0,0,0,0,1,0,0
2634651141,-0.0709616,2.8663935e-05,0.5289628,3.3570122e-10,0.0,0.0,0.0,0.0,0.0,0.0,0,3,0,0,0,0,0,0,0,0,0,0,1,0,0
2634842909,-0.1130661,0.13852644,0.52890027,-1.5019834e-10,0.0,0.0,0.0,0.0,0.0,0.0,0,3,0,0,0,0,0,0,0,0,0,0,1,0,0
2635038807,-0.070911236,0.08581117,0.5289135,3.459007e-11,0.0,0.0,0.0,0.0,0.0,0.0,0,3,0,0,0,0,0,0,0,0,0,0,1,0,0
2635242842,-0.034532044,0.009855027,0.5219868,2.4785883e-11,0.0,0.0,0.0,0.0,0.0,0.0,0,3,0,0,0,0,0,0,0,0,0,0,1,0,0
2635462925,-0.00014154919,-0.00013134618,0.5206213,4.6932392e-11,0.0,0.0,0.0,0.0,0.0,0.0,0,3,0,0,0,0,0,0,0,0,0,0,1,0,0
2635662942,2.2826645e-05,9.60193e-05,0.52041507,-4.5054915e-11,0.0,0.0,0.0,0.0,0.0,0.0,0,3,0,0,0,0,0,0,0,0,0,0,1,0,0
2635858790,3.543171e-05,0.08538169,0.5205019,3.454625e-11,0.0,0.0,0.0,0.0,0.0,0.0,0,3,0,0,0,0,0,0,0,0,0,0,1,0,0
2636047006,-5.4015367e-05,0.046644554,0.52048737,-2.2411706e-11,0.0,0.0,0.0,0.0,0.0,0.0,0,3,0,0,0,0,0,0,0,0,0,0,1,0,0
2636251599,5.0779407e-05,-0.00071167806,0.5168879,1.2149445e-11,0.0,0.0,0.0,0.0,0.0,0.0,0,3,0,0,0,0,0,0,0,0,0,0,1,0,0
2636460396,-3.8431415e-05,0.0001659128,0.51686555,-4.9306705e-12,0.0,0.0,0.0,0.0,0.0,0.0,0,3,0,0,0,0,0,0,0,0,0,0,1,0,0
2636656537,0.031269018,0.00011499274,0.5168606,6.283852e-13,0.0,0.0,0.0,0.0,0.0,0.0,0,3,0,0,0,0,0,0,0,0,0,0,1,0,0
2636876409,-0.00012388437,0.00022030466,0.51685816,-1.5667849e-12,0.0,0.0,0.0,0.0,0.0,0.0,0,3,0,0,0,0,0,0,0,0,0,0,1,0,0
2637076623,3.7232938e-05,-0.00039049413,0.5168757,2.0711304e-12,0.0,0.0,0.0,0.0,0.0,0.0,0,3,0,0,0,0,0,0,0,0,0,0,1,0,0
2637276713,9.7011525e-06,0.00026428807,0.5168615,-1.8534807e-12,0.0,0.0,0.0,0.0,0.0,0.0,0,3,0,0,0,0,0,0,0,0,0,0,1,0,0
2637472564,-2.8714676e-05,-0.00015086458,0.5168711,1.3579944e-12,0.0,0.0,0.0,0.0,0.0,0.0,0,3,0,0,0,0,0,0,0,0,0,0,1,0,0
2637672840,3.11002e-05,6.752381e-05,0.5168656,-8.439763e-13,0.0,0.0,0.0,0.0,0.0,0.0,0,3,0,0,0,0,0,0,0,0,0,0,1,0,0
2637872501,-2.5500936e-05,-1.5579517e-05,0.51686805,4.3189058e-13,0.0,0.0,0.0,0.0,0.0,0.0,0,3,0,0,0,0,0,0,0,0,0,0,1,0,0
2638080501,1.7513255e-05,-1.1112429e-05,0.5274607,-1.5400956e-13,0.0,0.0,0.0,0.0,0.0,0.0,0,3,0,0,0,0,0,0,0,0,0,0,1,0,0
2638280534,-1.0166177e-05,2.0723062e-05,0.52784216,-3.91195e-15,0.0,0.0,0.0,0.0,0.0,0.0,0,3,0,0,0,0,0,0,0,0,0,0,1,0,0
2638476521,4.682865e-06,-0.00022617423,0.53981405,7.4052675e-14,0.0,0.0,0.0,0.0,0.0,0.0,0,3,0,0,0,0,0,0,0,0,0,0,1,0,0
2638676541,-1.2138487e-06,0.00013854147,0.53969747,-8.9695436e-14,0.0,0.0,0.0,0.0,0.0,0.0,0,3,0,0,0,0,0,0,0,0,0,0,1,0,0
2638880533,-6.058418e-07,-6.942648e-05,0.5398104,7.748243e-14,0.0,0.0,0.0,0.0,0.0,0.0,0,3,0,0,0,0,0,0,0,0,0,0,1,0,0
2639096505,-1.3218761e-06,-1.9708054e-05,0.539793,5.2808767e-14,0.0,0.0,0.0,0.0,0.0,0.0,0,3,0,0,0,0,0,0,0,0,0,0,1,0,0
2639292891,1.3050189e-06,-0.0010598401,0.5397394,-3.1385593e-14,0.0,0.0,0.0,0.0,0.0,0.0,0,3,0,0,0,0,0,0,0,0,0,0,1,0,0
2639496536,-0.01224212,0.0006153289,0.5409343,1.502281e-14,0.0,0.0,0.0,0.0,0.0,0.0,0,3,0,0,0,0,0,0,0,0,0,0,1,0,0
2639692558,-0.06742096,-0.00028353193,0.5433896,-4.4461962e-15,0.0,0.0,0.0,0.0,0.0,0.0,0,3,0,0,0,0,0,0,0,0,0,0,1,0,0
2639888550,-0.054461557,7.35754e-05,0.5433658,-1.2613881e-15,0.0,0.0,0.0,0.0,0.0,0.0,0,3,0,0,0,0,0,0,0,0,0,0,1,0,0
2640102278,-0.0908427,-4.40086e-05,0.5433717,-3.663329e-15,0.0,0.0,0.0,0.0,0.0,0.0,0,3,0,0,0,0,0,0,0,0,0,0,1,0,0
2640302323,-0.058819696,0.00030663406,0.5446227,3.7791027e-15,0.0,0.0,0.0,0.0,0.0,0.0,0,3,0,0,0,0,0,0,0,0,0,0,1,0,0
2640506220,-0.031477705,-0.00022197596,0.5469659,-3.0203361e-15,0.0,0.0,0.0,0.0,0.0,0.0,0,3,0,0,0,0,0,0,0,0,0,0,1,0,0
2640710143,-0.0001837306,0.00013630597,0.5469963,2.0313733e-15,0.0,0.0,0.0,0.0,0.0,0.0,0,3,0,0,0,0,0,0,0,0,0,0,1,0,0
2640910170,8.6242435e-05,0.076832764,0.54698753,-1.1510689e-15,0.0,0.0,0.0,0.0,0.0,0.0,0,3,0,0,0,0,0,0,0,0,0,0,1,0,0
2641102201,-2.3919612e-05,0.0027009682,0.5469847,5.084951e-16,0.0,0.0,0.0,0.0,0.0,0.0,0,3,0,0,0,0,0,0,0,0,0,0,1,0,0
2641298105,0.06508407,-0.0014265187,0.5469922,-1.1057498e-16,0.0,0.0,0.0,0.0,0.0,0.0,0,3,0,0,0,0,0,0,0,0,0,0,1,0,0
2641518238,0.05438165,-0.00047409436,0.5469916,1.052403e-16,0.0,0.0,0.0,0.0,0.0,0.0,0,3,0,0,0,0,0,0,0,0,0,0,1,0,0
2641714111,0.017306993,-0.02799925,0.5469854,-1.657318e-16,0.0,0.0,0.0,0.0,0.0,0.0,0,3,0,0,0,0,0,0,0,0,0,0,1,0,0
2641914138,0.029998476,-0.041546673,0.54582316,1.573606e-16,0.0,0.0,0.0,0.0,0.0,0.0,0,3,0,0,0,0,0,0,0,0,0,0,1,0,0
2642110194,0.007539648,-0.0020989059,0.54576164,-1.1984262e-16,0.0,0.0,0.0,0.0,0.0,0.0,0,3,0,0,0,0,0,0,0,0,0,0,1,0,0
2642326180,5.879639e-05,-0.0010945525,0.5325679,-7.283724e-17,0.0,0.0,0.0,0.0,0.0,0.0,0,3,0,0,0,0,0,0,0,0,0,0,1,0,0
2642522199,-0.000111310364,0.000458558,0.51307356,3.8237956e-17,0.0,0.0,0.0,0.0,0.0,0.0,0,3,0,0,0,0,0,0,0,0,0,0,1,0,0
2642722224,0.00985752,-7.432795e-05,0.5133508,-1.4482138e-17,0.0,0.0,0.0,0.0,0.0,0.0,0,3,0,0,0,0,0,0,0,0,0,0,1,0,0
2642922234,0.0692768,-0.00027453288,0.51321304,6.9854374e-19,0.0,0.0,0.0,0.0,0.0,0.0,0,3,0,0,0,0,0,0,0,0,0,0,1,0,0
2643126208,0.099389344,0.00026211244,0.5132586,5.6456272e-18,0.0,0.0,0.0,0.0,0.0,0.0,0,3,0,0,0,0,0,0,0,0,0,0,1,0,0
2643330134,0.052249074,-0.00020030032,0.51326424,-7.2863826e-18,0.0,0.0,0.0,0.0,0.0,0.0,0,3,0,0,0,0,0,0,0,0,0,0,1,0,0
2643526150,0.08089933,0.00012954656,0.51323676,6.4606483e-18,0.0,0.0,0.0,0.0,0.0,0.0,0,3,0,0,0,0,0,0,0,0,0,0,1,0,0
2643727925,0.08033079,-6.995246e-05,0.5145229,-4.7035483e-18,0.0,0.0,0.0,0.0,0.0,0.0,0,3,0,0,0,0,0,0,0,0,0,0,1,0,0
2643931767,0.033346944,-0.028816342,0.53021264,2.9047376e-18,0.0,0.0,0.0,0.0,0.0,0.0,0,3,0,0,0,0,0,0,0,0,0,0,1,0,0
2644135812,0.05938608,-0.108480565,0.53006595,-1.4730545e-18,0.0,0.0,0.0,0.0,0.0,0.0,0,3,0,0,0,0,0,0,0,0,0,0,1,0,0
2644327878,0.058097098,3.0879266e-05,0.5301464,5.135729e-19,0.0,0.0,0.0,0.0,0.0,0.0,0,3,0,0,0,0,0,0,0,0,0,0,1,0,0
2644531824,0.023922265,0.000104090985,0.530113,2.7835956e-20,0.0,0.0,0.0,0.0,0.0,0.0,0,3,0,0,0,0,0,0,0,0,0,0,1,0,0
2644739781,0.14804378,-0.00014242527,0.5301181,-2.6522094e-19,0.0,0.0,0.0,0.0,0.0,0.0,0,3,0,0,0,0,0,0,0,0,0,0,1,0,0
2644939805,0.13043801,0.00012910436,0.5301268,3.1501238e-19,0.0,0.0,0.0,0.0,0.0,0.0,0,3,0,0,0,0,0,0,0,0,0,0,1,0,0
2645143820,0.10362676,-0.08017613,0.53011376,-2.6980776e-19,0.0,0.0,0.0,0.0,0.0,0.0,0,3,0,0,0,0,0,0,0,0,0,0,1,0,0
2645344203,0.10953989,-0.063085146,0.530126,1.9160987e-19,0.0,0.0,0.0,0.0,0.0,0.0,0,3,0,0,0,0,0,0,0,0,0,0,1,0,0
2645563901,0.042367276,-0.015785553,0.52897155,1.07811794e-19,0.0,0.0,0.0,0.0,0.0,0.0,0,3,0,0,0,0,0,0,0,0,0,0,1,0,0
2645759696,0.04078449,-0.0141297,0.5288816,-5.106033e-20,0.0,0.0,0.0,0.0,0.0,0.0,0,3,0,0,0,0,0,0,0,0,0,0,1,0,0
2645947787,0.07083799,-0.023211656,0.51933306,-1.7726917e-20,0.0,0.0,0.0,0.0,0.0,0.0,0,3,0,0,0,0,0,0,0,0,0,0,1,0,0
2646159788,0.10716522,0.0010653093,0.5193077,4.92187e-21,0.0,0.0,0.0,0.0,0.0,0.0,0,3,0,0,0,0,0,0,0,0,0,0,1,0,0
2646367827,0.12174707,-0.0004926514,0.51926327,-1.2639432e-20,0.0,0.0,0.0,0.0,0.0,0.0,0,3,0,0,0,0,0,0,0,0,0,0,1,0,0
2646568087,0.029781142,-0.11004718,0.51928043,1.33964065e-20,0.0,0.0,0.0,0.0,0.0,0.0,0,3,0,0,0,0,0,0,0,0,0,0,1,0,0
2646767654,0.041413397,-0.053108763,0.5192792,-1.0862629e-20,0.0,0.0,0.0,0.0,0.0,0.0,0,3,0,0,0,0,0,0,0,0,0,0,1,0,0
2646971823,0.04145757,-0.027108021,0.519273,7.393513e-21,0.0,0.0,0.0,0.0,0.0,0.0,0,3,0,0,0,0,0,0,0,0,0,0,1,0,0
2647171626,0.043872844,0.00014072802,0.5192812,-4.2481593e-21,0.0,0.0,0.0,0.0,0.0,0.0,0,3,0,0,0,0,0,0,0,0,0,0,1,0,0
2647375848,0.031747922,-7.479263e-05,0.5192739,1.9231115e-21,0.0,0.0,0.0,0.0,0.0,0.0,0,3,0,0,0,0,0,0,0,0,0,0,1,0,0
2647573462,0.0003445723,2.91106e-05,0.51927924,-4.6543167e-22,0.0,0.0,0.0,0.0,0.0,0.0,0,3,0,0,0,0,0,0,0,0,0,0,1,0,0
2647789462,0.00016263017,3.364064e-07,0.5192782,3.397867e-22,0.0,0.0,0.0,0.0,0.0,0.0,0,3,0,0,0,0,0,0,0,0,0,0,1,0,0
2647985200,-5.5395372e-05,1.0944174e-05,0.5192766,-5.773146e-22,0.0,0.0,0.0,0.0,0.0,0.0,0,3,0,0,0,0,0,0,0,0,0,0,1,0,0
2648181341,0.012658319,-1.3666022e-05,0.50608355,5.6024467e-22,0.0,0.0,0.0,0.0,0.0,0.0,0,3,0,0,0,0,0,0,0,0,0,0,1,0,0
2648381353,0.011953636,1.1957943e-05,0.49654588,-4.323676e-22,0.0,0.0,0.0,0.0,0.0,0.0,0,3,0,0,0,0,0,0,0,0,0,0,1,0,0
2648585600,0.009942536,-0.0025488366,0.49630538,2.8213907e-22,0.0,0.0,0.0,0.0,0.0,0.0,0,3,0,0,0,0,0,0,0,0,0,0,1,0,0
2648781280,-0.00022002305,-0.03885498,0.49291825,-1.5409557e-22,0.0,0.0,0.0,0.0,0.0,0.0,0,3,0,0,0,0,0,0,0,0,0,0,1,0,0
2649005308,-6.6017004e-05,-0.053088106,0.49282748,-5.5766187e-23,0.0,0.0,0.0,0.0,0.0,0.0,0,3,0,0,0,0,0,0,0,0,0,0,1,0,0
2649197633,-8.718691e-06,-0.025622906,0.4855409,5.005552e-24,0.0,0.0,0.0,0.0,0.0,0.0,0,3,0,0,0,0,0,0,0,0,0,0,1,0,0
2649397380,4.0443952e-05,0.00081830955,0.44414973,1.8884626e-23,0.0,0.0,0.0,0.0,0.0,0.0,0,3,0,0,0,0,0,0,0,0,0,0,1,0,0
2649617304,4.5648434e-05,0.00031153238,0.32701272,2.5623955e-23,0.0,0.0,0.0,0.0,0.0,0.0,0,3,0,0,0,0,0,0,0,0,0,0,1,0,0
2649817308,-3.7461647e-05,-4.4488992e-05,0.08555741,-2.2514844e-23,0.0,0.0,0.0,0.0,0.0,0.0,0,3,0,0,0,0,0,0,0,0,0,0,1,0,0
2650013309,2.5745157e-05,-8.5097694e-05,0.002661461,-0.1668434,0.0,0.0,0.0,0.0,0.0,0.0,0,3,0,0,0,0,0,0,0,0,0,0,1,0,0
2650213453,-1.4956134e-05,0.00012506763,0.0,-0.99290866,0.0,0.0,0.0,0.0,0.0,0.0,0,3,0,0,0,0,0,0,0,0,0,0,1,0,0
2650417314,6.8979775e-06,-0.000116207135,0.00044950924,-1.0,0.0,0.0,0.0,0.0,0.0,0.0,0,3,0,0,0,0,0,0,0,0,0,0,1,0,0
2650617325,-1.7967892e-06,8.729359e-05,4.3859094e-05,-0.9979648,0.0,0.0,0.0,0.0,0.0,0.0,0,3,0,0,0,0,0,0,0,0,0,0,1,0,0
2650829394,1.0626188e-06,5.2302898e-05,0.0002673819,-0.99950194,0.0,0.0,0.0,0.0,0.0,0.0,0,3,0,0,0,0,0,0,0,0,0,0,1,0,0
2651025360,-1.9382655e-06,-2.6974647e-05,0.0,-0.9997881,0.0,0.0,0.0,0.0,0.0,0.0,0,3,0,0,0,0,0,0,0,0,0,0,1,0,0
2651241314,-1.8816137e-06,-8.381714e-06,0.0,-0.9995027,0.0,0.0,0.0,0.0,0.0,0.0,0,3,0,0,0,0,0,0,0,0,0,0,1,0,0
2651422933,-1.4949248e-06,1.595637e-08,0.0,-0.9994956,0.0,0.0,0.0,0.0,0.0,0.0,0,3,0,0,0,0,0,0,0,0,0,0,1,0,0
2651626794,9.849831e-07,-4.426595e-06,9.851839e-05,-1.0,0.0,0.0,0.0,0.0,0.0,0.0,0,3,0,0,0,0,0,0,0,0,0,0,1,0,0
2651830925,-5.4448316e-07,5.4593843e-06,0.0,-0.999727,0.0,0.0,0.0,0.0,0.0,0.0,0,3,0,0,0,0,0,0,0,0,0,0,1,0,0
2652047051,-2.0273185e-07,4.6196283e-06,0.0,-0.999856,0.0,0.0,0.0,0.0,0.0,0.0,0,3,0,0,0,0,0,0,0,0,0,0,1,0,0
2652234929,-3.89194e-08,3.4150546e-06,5.25246e-06,-0.999931,0.0,0.0,0.0,0.0,0.0,0.0,0,3,0,0,0,0,0,0,0,0,0,0,1,0,0
2652454913,6.1106725e-08,1.9482727e-06,1.2385157e-05,-0.99998873,0.0,0.0,0.0,0.0,0.0,0.0,0,3,0,0,0,0,0,0,0,0,0,0,1,0,0
2652650827,-8.638827e-08,-9.412042e-07,0.0,-0.053311132,0.0,0.0,0.0,0.0,0.0,0.0,0,3,0,0,0,0,0,0,0,0,0,0,1,0,0
2652846905,7.921725e-08,2.866782e-07,9.737109e-06,-0.0025736908,0.0,0.0,0.0,0.0,0.0,0.0,0,3,0,0,0,0,0,0,0,0,0,0,1,0,0
