timestamp,lat,lon,alt,delta_alt,vel_n,vel_e,vel_d,yaw,eph,epv,terrain_alt,lat_lon_reset_counter,alt_reset_counter,terrain_alt_valid,dead_reckoning
2508752551,37.102794262367574,-76.39223442754555,3.111988,-0.0,0.036903877,0.036953866,-0.029362543,-0.04460575,1.2460128,2.168872,0.0,2,0,0,0
2508952539,37.10279434776048,-76.3922343617952,3.108485,-0.0,0.038401175,0.038072277,-0.02726733,-0.044355724,1.2459344,2.1687365,0.0,2,0,0,0
2509152496,37.10279444940389,-76.39223426483247,3.1097543,-0.0,0.054290697,0.06720552,-0.02568885,-0.04372596,1.2460341,2.1687725,0.0,2,0,0,0
2509358163,37.102794533887675,-76.39223414581004,3.1079109,-0.0,0.045403514,0.028020013,-0.019561602,-0.044084456,1.246189,2.16882,0.0,2,0,0,0
2509558227,37.102794667761934,-76.39223399223889,3.10522,-0.0,0.062942125,0.051258802,-0.023815839,-0.04425469,1.2462823,2.1688564,0.0,2,0,0,0
2509766146,37.102794755464075,-76.39223383184323,3.0979774,-0.0,0.043844625,0.064378336,-0.05829523,-0.046086974,1.246654,2.168774,0.0,2,0,0,0
2509970171,37.10279523285903,-76.39223375517521,3.1127234,-0.0,0.4038862,-0.031844057,-0.44640356,-0.04874683,1.2406096,2.1687539,0.0,2,0,0,0
2510174012,37.10279587653495,-76.39223380998362,3.2422006,-0.0,0.3764546,-0.054181673,-0.90722615,-0.0388094,1.240704,2.1686175,0.0,2,0,0,0
2510374154,37.10279660152346,-76.39223389701257,3.444723,-0.0,0.25968572,-0.050700657,-0.96296114,-0.028013691,1.2473575,2.1687717,0.0,2,0,0,0
2510578137,37.10279705319077,-76.39223398968318,3.6711447,-0.0,0.079128176,-0.007293735,-0.9508564,-0.02030503,1.2409909,2.1687524,0.0,2,0,0,0
2510781993,37.10279708809109,-76.39223400228776,3.8807175,-0.0,-0.1572149,0.09886223,-0.9185981,-0.017259838,1.2409989,2.1686175,0.0,2,0,0,0
2510982180,37.102796764288,-76.39223384106951,4.074568,-0.0,-0.3542825,0.21859342,-0.9151358,-0.0179861,1.240984,2.168658,0.0,2,0,0,0
2511182460,37.102796044486155,-76.39223342583063,4.249379,-0.0,-0.49895096,0.3158636,-0.9007511,-0.021084417,1.2409227,2.1686997,0.0,2,0,0,0
2511382259,37.10279512084854,-76.39223286720704,4.428602,-0.0,-0.588118,0.40311277,-0.9135817,-0.02551656,1.240853,2.168738,0.0,2,0,0,0
2511586247,37.10279409413306,-76.39223213892897,4.5986896,-0.0,-0.6221095,0.417361,-0.83053744,-0.02833033,1.241049,2.168664,0.0,2,0,0,0
2511789983,37.10279301139737,-76.39223149416355,4.770941,-0.0,-0.6009292,0.4021289,-0.80481553,-0.02340287,1.241002,2.1687007,0.0,2,0,0,0
2511990181,37.102791895431636,-76.39223085703054,4.925331,-0.0,-0.56707793,0.36131757,-0.6783781,-0.01974597,1.2409569,2.16874,0.0,2,0,0,0
2512190015,37.10279083748877,-76.39223035069384,5.070695,-0.0,-0.49265137,0.29045767,-0.54071045,-0.020846674,1.2409117,2.16878,0.0,2,0,0,0
2512394099,37.10278988014087,-76.39223010615535,5.2036138,-0.0,-0.38999283,0.20406553,-0.4102846,-0.02240219,1.2411197,2.168705,0.0,2,0,0,0
2512598012,37.10278918690936,-76.39223009305219,5.305857,-0.0,-0.26399532,0.1106326,-0.28231046,-0.023385288,1.2410529,2.1687448,0.0,2,0,0,0
2512799773,37.10278879980888,-76.39223036048676,5.3876104,-0.0,-0.11121964,0.004458868,-0.23208237,-0.02406593,1.2412255,2.168675,0.0,2,0,0,0
2513003719,37.10278863692001,-76.39223071888077,5.4506807,-0.0,0.0056831227,-0.045101833,-0.13115928,-0.025494702,1.2410481,2.1686838,0.0,2,0,0,0
2513207608,37.102788685864574,-76.39223106922431,5.498863,-0.0,0.11552909,-0.07213193,-0.08749957,-0.02655154,1.2412306,2.1687825,0.0,2,0,0,0
2513411618,37.10278884418648,-76.39223136779587,5.5349007,-0.0,0.16866969,-0.058522575,-0.07286085,-0.029161124,1.2411891,2.1688201,0.0,2,0,0,0
2513611611,37.10278906451719,-76.39223157288484,5.559904,-0.0,0.18751967,-0.05221179,-0.07915081,-0.030928144,1.241139,2.1686797,0.0,2,0,0,0
2513815706,37.10278929746622,-76.39223168092104,5.590505,-0.0,0.17853303,-0.03003054,-0.049432985,-0.033253454,1.2413541,2.1687806,0.0,2,0,0,0
2514015728,37.10278948049085,-76.39223176275607,5.6077757,-0.0,0.15905108,-0.041722763,-0.0074883215,-0.035178047,1.2413311,2.168647,0.0,2,0,0,0
2514219616,37.10278961589821,-76.39223184958077,5.61236,-0.0,0.15417686,-0.08896934,0.026362956,-0.036623523,1.2413111,2.1686904,0.0,2,0,0,0
2514419611,37.102789775999746,-76.39223200044866,5.6177225,-0.0,0.19578443,-0.12765034,0.03606114,-0.039571952,1.2412517,2.1687362,0.0,2,0,0,0
2514623617,37.10279000331824,-76.39223220480102,5.617467,-0.0,0.2482689,-0.16617016,0.049168352,-0.039656524,1.2414194,2.168672,0.0,2,0,0,0
2514827565,37.10279028098566,-76.39223240643003,5.6192675,-0.0,0.2586346,-0.15284958,0.05880445,-0.03884478,1.241313,2.1687152,0.0,2,0,0,0
2515031832,37.10279053365229,-76.39223250292356,5.6109824,-0.0,0.2563816,-0.14771752,0.1018713,-0.03901307,1.2415005,2.1688187,0.0,2,0,0,0
2515231714,37.102790808834634,-76.39223257435846,5.592012,-0.0,0.2518499,-0.15514904,0.12181528,-0.03866482,1.2414268,2.168684,0.0,2,0,0,0
2515431624,37.10279110843455,-76.39223268757657,5.5631733,-0.0,0.2710944,-0.19312093,0.10127528,-0.038514428,1.2413074,2.1687264,0.0,2,0,0,0
2515635617,37.1027914076957,-76.39223286230806,5.5404315,-0.0,0.25233084,-0.2285086,0.08113828,-0.04569132,1.24118,2.1687715,0.0,2,0,0,0
2515835804,37.102791668383595,-76.39223309472872,5.520853,-0.0,0.21811856,-0.2602316,0.054290827,-0.048398234,1.2409627,2.168643,0.0,2,0,0,0
2516039734,37.10279190109463,-76.39223337286032,5.5054216,-0.0,0.21290584,-0.2777701,0.05553324,-0.046238855,1.2410558,2.168753,0.0,2,0,0,0
2516241493,37.102792168500166,-76.39223371585778,5.481683,-0.0,0.22117831,-0.29700974,0.091428086,-0.04634571,1.2409445,2.1687965,0.0,2,0,0,0
2516445366,37.102792472765785,-76.3922340893377,5.465773,-0.0,0.24124528,-0.29573125,0.0035559833,-0.053422622,1.2409625,2.1687088,0.0,2,0,0,0
2516649364,37.10279276104033,-76.39223443535424,5.4692273,-0.0,0.23003466,-0.2837461,-0.0982517,-0.05746727,1.2408521,2.1687515,0.0,2,0,0,0
2516849335,37.10279302543975,-76.3922346850627,5.4683876,-0.0,0.20449676,-0.22220933,-0.115989536,-0.0560317,1.2406946,2.1687953,0.0,2,0,0,0
2517053208,37.10279324977144,-76.39223476552799,5.464109,-0.0,0.16335008,-0.14490241,-0.10994863,-0.050792363,1.2408698,2.168728,0.0,2,0,0,0
2517257184,37.10279344840975,-76.39223467223759,5.463997,-0.0,0.16684286,-0.043579277,-0.14081764,-0.04600668,1.2408266,2.1687756,0.0,2,0,0,0
2517457347,37.10279365584977,-76.39223438956788,5.462059,-0.0,0.16655885,0.030087937,-0.13995193,-0.043219943,1.2407835,2.1688185,0.0,2,0,0,0
2517657372,37.10279388873013,-76.39223395400586,5.454704,-0.0,0.18388504,0.0753473,-0.12737311,-0.038739398,1.2407683,2.1686866,0.0,2,0,0,0
2517861369,37.10279418092623,-76.39223348859714,5.4265847,-0.0,0.21564311,0.07430045,-0.07839558,-0.034330264,1.2408887,2.1687942,0.0,2,0,0,0
2518065370,37.10279455112653,-76.39223306778636,5.4127445,-0.0,0.25295007,0.034483515,-0.09310501,-0.031140693,1.2408649,2.1686656,0.0,2,0,0,0
2518265345,37.10279495705478,-76.39223276145864,5.4070144,-0.0,0.27660352,-0.0026891008,-0.123750545,-0.028878435,1.2409081,2.1687145,0.0,2,0,0,0
2518469352,37.102795395825005,-76.39223261356267,5.404725,-0.0,0.27613202,-0.060597,-0.14067492,-0.027305624,1.2411425,2.168652,0.0,2,0,0,0
2518669307,37.10279580068337,-76.39223260990099,5.407685,-0.0,0.24429841,-0.10845791,-0.16600204,-0.028114777,1.2410873,2.1686974,0.0,2,0,0,0
2518873099,37.10279614398964,-76.39223274806346,5.4157667,-0.0,0.18785077,-0.13547333,-0.11021553,-0.030583952,1.2409973,2.1687424,0.0,2,0,0,0
2519077301,37.10279640017698,-76.39223301998756,5.419957,-0.0,0.13183315,-0.19710326,-0.15351418,-0.032450024,1.2412481,2.1686769,0.0,2,0,0,0
2519281297,37.102796549461296,-76.39223337798366,5.4381046,-0.0,0.07177796,-0.20066558,-0.12478711,-0.033939272,1.2412059,2.168721,0.0,2,0,0,0
2519481188,37.102796607537776,-76.3922337864855,5.4607553,-0.0,0.016908795,-0.2186952,-0.1057301,-0.034570985,1.2411563,2.168764,0.0,2,0,0,0
2519683030,37.10279662428793,-76.39223429093117,5.486598,-0.0,-0.005210619,-0.23944046,-0.092323005,-0.03421066,1.241082,2.1688087,0.0,2,0,0,0
2519883021,37.10279659373814,-76.39223484702649,5.513649,-0.0,-0.022067703,-0.2456881,-0.07943096,-0.03419142,1.2410148,2.168862,0.0,2,0,0,0
2520083044,37.10279650135322,-76.39223539678055,5.527518,-0.0,-0.050815493,-0.25061947,-0.028904624,-0.03591775,1.2410023,2.1687257,0.0,2,0,0,0
2520286976,37.10279633866589,-76.3922359192063,5.5384603,-0.0,-0.07641332,-0.21447416,-0.02713803,-0.036714587,1.2412298,2.1688313,0.0,2,0,0,0
2520490970,37.102796097329,-76.39223635931039,5.5471563,-0.0,-0.12134402,-0.17190485,-0.015996847,-0.034236167,1.2411798,2.1688704,0.0,2,0,0,0
2520694943,37.10279579104366,-76.39223667534458,5.54901,-0.0,-0.15446281,-0.12221482,0.029591212,-0.03225901,1.2414066,2.1687922,0.0,2,0,0,0
2520894921,37.10279545990761,-76.39223690729015,5.558837,-0.0,-0.14625505,-0.08436333,-0.022529474,-0.035504326,1.2412895,2.1688275,0.0,2,0,0,0
2521098947,37.10279516172073,-76.39223713613127,5.6088934,-0.0,-0.099506535,-0.087325156,-0.40608394,-0.042656567,1.241267,2.1688662,0.0,2,0,0,0
2521303083,37.10279497245449,-76.39223742863518,5.745338,-0.0,-0.03196829,-0.11909664,-0.9080017,-0.048103396,1.2414793,2.1687884,0.0,2,0,0,0
2521506959,37.10279480014635,-76.39223766978382,5.9502625,-0.0,-0.018186262,-0.13756491,-1.08951,-0.054037016,1.2414455,2.1688247,0.0,2,0,0,0
2521706992,37.10279467784406,-76.39223791026909,6.1729555,-0.0,0.0089280885,-0.15091461,-1.1662959,-0.05981671,1.2414212,2.1688628,0.0,2,0,0,0
2521907071,37.102794667116896,-76.39223818919584,6.397719,-0.0,0.03372369,-0.16584429,-1.2251259,-0.06155796,1.2413404,2.1688974,0.0,2,0,0,0
2522110906,37.102794759564084,-76.3922384703748,6.6186547,-0.0,0.049361974,-0.11008364,-1.2282685,-0.057732575,1.2416397,2.1688163,0.0,2,0,0,0
2522314898,37.10279490493959,-76.39223867976258,6.840521,-0.0,0.092881225,-0.0568464,-1.2260312,-0.047416877,1.2416602,2.1688504,0.0,2,0,0,0
2522518808,37.10279507209537,-76.392238685052,7.063505,-0.0,0.14395152,0.0072601186,-1.2622124,-0.042231876,1.241859,2.1687725,0.0,2,0,0,0
2522718917,37.10279523930902,-76.3922385006462,7.2909465,-0.0,0.15755968,0.07162929,-1.2515063,-0.0438067,1.2418644,2.1688123,0.0,2,0,0,0
2522922777,37.10279542466217,-76.39223817962974,7.525767,-0.0,0.15494156,0.1083267,-1.2493739,-0.048261505,1.2418548,2.168854,0.0,2,0,0,0
2523124524,37.10279555391364,-76.3922377643121,7.7585745,-0.0,0.13763836,0.14786144,-1.2168422,-0.050720185,1.2418402,2.1688917,0.0,2,0,0,0
2523328540,37.10279566790947,-76.39223724090107,7.9900393,-0.0,0.119865686,0.18121536,-1.217114,-0.049351383,1.2421387,2.1688294,0.0,2,0,0,0
2523532706,37.10279579955164,-76.39223668476474,8.23527,-0.0,0.15871187,0.15879351,-1.2264987,-0.042300202,1.2420844,2.168865,0.0,2,0,0,0
2523732639,37.10279608943638,-76.39223624476415,8.475774,-0.0,0.26313433,0.11384912,-1.210968,-0.038486954,1.2420332,2.1689022,0.0,2,0,0,0
2523936554,37.10279665029877,-76.39223597108307,8.719769,-0.0,0.38046074,0.079581074,-1.1000257,-0.039557055,1.2422458,2.168824,0.0,2,0,0,0
2524136570,37.10279743092581,-76.39223588341406,8.9399805,-0.0,0.5082044,-0.024951704,-1.0169551,-0.038382336,1.2421949,2.16886,0.0,2,0,0,0
2524340394,37.10279839403502,-76.39223597950225,9.145782,-0.0,0.5877037,-0.1107597,-0.94862723,-0.04388078,1.2421708,2.1688967,0.0,2,0,0,0
2524544377,37.10279943973689,-76.39223624085948,9.349103,-0.0,0.56093657,-0.18775886,-1.038012,-0.053512607,1.2423873,2.1689951,0.0,2,0,0,0
2524744577,37.10280039452469,-76.39223667700342,9.57093,-0.0,0.459019,-0.21669059,-1.0926291,-0.059724137,1.2423522,2.1688452,0.0,2,0,0,0
2524944415,37.1028011847297,-76.39223717988504,9.795604,-0.0,0.2943255,-0.23301217,-1.1187578,-0.061468408,1.2423383,2.1688788,0.0,2,0,0,0
2525148556,37.10280171212841,-76.39223769729217,10.024205,-0.0,0.12984334,-0.23427999,-1.0835803,-0.061297342,1.242372,2.1689153,0.0,2,0,0,0
2525352586,37.10280193254918,-76.39223812480509,10.251659,-0.0,-0.021810727,-0.17169629,-1.0505816,-0.06151066,1.242661,2.1688323,0.0,2,0,0,0
2525556549,37.10280189970082,-76.39223839969927,10.502882,-0.0,-0.1411447,-0.105004855,-1.153739,-0.06115507,1.2426492,2.1688673,0.0,2,0,0,0
2525756586,37.102801683047346,-76.39223845660209,10.766129,-0.0,-0.22928,0.0051247873,-1.2003489,-0.060490623,1.2426751,2.1688983,0.0,2,0,0,0
2525960488,37.102801318807764,-76.39223831800945,11.040756,-0.0,-0.29409388,0.082696654,-1.1753279,-0.05610686,1.2428344,2.168816,0.0,2,0,0,0
2526164415,37.10280086050645,-76.39223814766538,11.319536,-0.0,-0.32967937,0.105134174,-1.1953204,-0.053603686,1.2428356,2.1688504,0.0,2,0,0,0
2526364516,37.10280039329191,-76.39223798661045,11.598644,-0.0,-0.3496371,0.10933325,-1.2117221,-0.053310823,1.2428373,2.1688833,0.0,2,0,0,0
2526566225,37.10279990728174,-76.39223783086781,11.882045,-0.0,-0.3465315,0.13476641,-1.2486151,-0.049709234,1.2431053,2.168983,0.0,2,0,0,0
2526770127,37.10279939978292,-76.3922376182244,12.169375,-0.0,-0.3248151,0.14850579,-1.2791516,-0.044078454,1.243042,2.1689954,0.0,2,0,0,0
2526974006,37.10279892784909,-76.39223734874204,12.441836,-0.0,-0.30738842,0.15328911,-1.3181237,-0.042891614,1.2371513,2.1687891,0.0,2,0,0,0
2527174113,37.102798479614556,-76.3922370479606,12.701872,-0.0,-0.29799664,0.1619088,-1.2801766,-0.039479963,1.2371836,2.168823,0.0,2,0,0,0
2527378192,37.10279804491818,-76.39223681077742,12.96496,-0.0,-0.23387125,0.15925814,-1.2509936,-0.028947981,1.2434,2.168977,0.0,2,0,0,0
2527582243,37.10279775213666,-76.39223662297755,13.233186,-0.0,-0.15149526,0.16031456,-1.2582448,-0.021010485,1.2374384,2.168773,0.0,2,0,0,0
2527786167,37.102797610423366,-76.39223645229877,13.483734,-0.0,-0.05129023,0.13491234,-1.1458228,-0.022442563,1.237499,2.1688027,0.0,2,0,0,0
2527986162,37.10279761931084,-76.39223630860955,13.690856,-0.0,0.016426783,0.08321364,-0.9920742,-0.029626163,1.2375246,2.1688354,0.0,2,0,0,0
2528189960,37.102797706217515,-76.39223620558515,13.869251,-0.0,-0.011174253,0.10162758,-0.92099965,-0.038394045,1.2377816,2.1687574,0.0,2,0,0,0
2528394111,37.10279767044021,-76.39223604414775,14.058895,-0.0,-0.09980696,0.12816823,-0.9372541,-0.0453607,1.2378087,2.1687963,0.0,2,0,0,0
2528594209,37.102797378274076,-76.39223590575673,14.253755,-0.0,-0.23008764,0.12971576,-0.9790024,-0.0493046,1.2378197,2.1688313,0.0,2,0,0,0
2528794085,37.10279686141602,-76.39223571756439,14.469727,-0.0,-0.32912743,0.13266124,-1.0177984,-0.047956508,1.244102,2.1689882,0.0,2,0,0,0
2528998092,37.10279626178093,-76.39223557907462,14.708966,-0.0,-0.3539095,0.13847576,-1.0722469,-0.04613071,1.2379849,2.1687844,0.0,2,0,0,0
2529202024,37.10279568392184,-76.3922354339519,14.964762,-0.0,-0.35564727,0.13100947,-1.1105295,-0.051061183,1.2380074,2.1688201,0.0,2,0,0,0
2529406017,37.10279500730104,-76.3922352928544,15.224938,-0.0,-0.37659696,0.089417234,-1.1033071,-0.05380638,1.2382662,2.1687453,0.0,2,0,0,0
2529606282,37.10279424517158,-76.39223529341571,15.485339,-0.0,-0.41328818,0.017076753,-1.1119099,-0.052822705,1.2382895,2.1687858,0.0,2,0,0,0
2529806036,37.10279338450128,-76.39223545110492,15.7648535,-0.0,-0.44638488,-0.036855847,-1.1366473,-0.050352827,1.238223,2.1686532,0.0,2,0,0,0
2530007556,37.1027924741875,-76.39223573017428,16.049911,-0.0,-0.44721323,-0.035403404,-1.119544,-0.046646,1.2382613,2.1686978,0.0,2,0,0,0
2530207709,37.102791625584494,-76.39223588320446,16.352543,-0.0,-0.34335962,0.046245538,-1.2490343,-0.038649373,1.2383487,2.1687531,0.0,2,0,0,0
2530407806,37.102791165186204,-76.39223576115361,16.701138,-0.0,-0.04746876,0.16746636,-1.4308351,-0.027897848,1.238386,2.1687932,0.0,2,0,0,0
2530611857,37.1027913299748,-76.39223531561966,17.072805,-0.0,0.2692222,0.2511093,-1.3730692,-0.023927797,1.2384409,2.16866,0.0,2,0,0,0
2530815727,37.10279211860161,-76.3922346628445,17.419369,-0.0,0.5846579,0.2975264,-1.2177873,-0.020022374,1.2386867,2.1687655,0.0,2,0,0,0
2531015568,37.10279338513153,-76.39223388905272,17.697683,-0.0,0.8320052,0.27609235,-0.98574257,-0.022132885,1.2387671,2.168806,0.0,2,0,0,0
2531219722,37.10279498758537,-76.39223313443321,17.881413,-0.0,0.89362437,0.22863623,-0.4755238,-0.03102388,1.2388543,2.1688423,0.0,2,0,0,0
2531419747,37.10279652926975,-76.3922325146614,17.943674,-0.0,0.7615016,0.19905214,-0.2435289,-0.041118238,1.2389231,2.1687028,0.0,2,0,0,0
2531623729,37.10279773515239,-76.39223194951938,17.946405,-0.0,0.43555546,0.17870055,-0.15779555,-0.051044174,1.2391958,2.1688056,0.0,2,0,0,0
2531827757,37.10279830231641,-76.39223153765421,17.905329,-0.0,0.09624645,0.07070373,-0.124463245,-0.052730605,1.2392204,2.1688416,0.0,2,0,0,0
2532031782,37.102798265715755,-76.39223131637291,17.814056,-0.0,-0.20223948,0.021493528,-0.0072591305,-0.058576938,1.2395056,2.1687653,0.0,2,0,0,0
2532231772,37.102797790066134,-76.39223128225714,17.720592,-0.0,-0.39164126,-0.04200489,-0.0053786356,-0.060645953,1.2395179,2.1687999,0.0,2,0,0,0
2532435591,37.10279710805069,-76.39223142770673,17.623594,-0.0,-0.44056773,-0.08409083,0.05888912,-0.056906752,1.2395289,2.1688347,0.0,2,0,0,0
2532639718,37.10279646036098,-76.3922317955412,17.546785,-0.0,-0.37315866,-0.17022257,-0.02973135,-0.052505046,1.2397804,2.1687589,0.0,2,0,0,0
2532843852,37.10279598979307,-76.3922323732823,17.497345,-0.0,-0.26088566,-0.24083205,-0.10099256,-0.05258691,1.2397993,2.1687996,0.0,2,0,0,0
2533043604,37.10279567171281,-76.39223307428003,17.458693,-0.0,-0.2025584,-0.27978534,-0.104404315,-0.05428852,1.2398267,2.1688404,0.0,2,0,0,0
2533247704,37.10279538932622,-76.39223386911787,17.413483,-0.0,-0.190744,-0.28149858,-0.10629058,-0.05145293,1.2401016,2.1687655,0.0,2,0,0,0
2533448367,37.10279508389431,-76.39223468801829,17.37901,-0.0,-0.22836751,-0.29387984,-0.1157137,-0.047711547,1.240161,2.1688068,0.0,2,0,0,0
2533649361,37.10279470016017,-76.39223545295302,17.361092,-0.0,-0.2566685,-0.2452976,-0.19600894,-0.044133175,1.2400984,2.1688275,0.0,2,0,0,0
2533853439,37.10279430035777,-76.39223612012587,17.367622,-0.0,-0.2424324,-0.16510935,-0.16038525,-0.03775461,1.2403858,2.1687515,0.0,2,0,0,0
2534057338,37.10279394841707,-76.3922366619962,17.374279,-0.0,-0.18772252,-0.17019147,-0.046261672,-0.031046389,1.240413,2.1687887,0.0,2,0,0,0
2534257401,37.102793748871825,-76.39223725266844,17.394495,-0.0,-0.098303154,-0.21223518,0.09751438,-0.027198317,1.2404331,2.1688287,0.0,2,0,0,0
2534457396,37.10279366104534,-76.39223786020503,17.372486,-0.0,-0.065595016,-0.20137703,0.5042047,-0.03598019,1.2403864,2.168868,0.0,2,0,0,0
2534661197,37.10279357927609,-76.39223844212381,17.263288,-0.0,-0.088341646,-0.17975684,0.67997825,-0.04074479,1.2406192,2.168792,0.0,2,0,0,0
2534865312,37.102793482437725,-76.39223891352964,17.119995,-0.0,-0.07937176,-0.12956215,0.7650575,-0.04207565,1.2405784,2.1688325,0.0,2,0,0,0
2535069365,37.10279336964476,-76.39223930441706,16.972675,-0.0,-0.077389084,-0.06455813,0.81652987,-0.044232164,1.2407734,2.168762,0.0,2,0,0,0
2535269370,37.10279328024873,-76.392239513741,16.844265,-0.0,-0.04577219,-0.002315685,0.76253057,-0.04618497,1.2407299,2.168807,0.0,2,0,0,0
2535473385,37.10279334046289,-76.3922394747719,16.734482,-0.0,0.074573636,0.10675136,0.69436866,-0.05026745,1.240682,2.168678,0.0,2,0,0,0
2535677382,37.10279362271231,-76.39223915316266,16.650642,-0.0,0.22177245,0.23088765,0.65409327,-0.053145822,1.2408677,2.1687837,0.0,2,0,0,0
2535881363,37.10279410121791,-76.39223859235588,16.56504,-0.0,0.29058784,0.30394664,0.7125334,-0.055582236,1.2407337,2.1688266,0.0,2,0,0,0
2536081359,37.10279461623835,-76.39223791497177,16.466278,-0.0,0.26558438,0.33084595,0.71462816,-0.053622823,1.2406785,2.1688666,0.0,2,0,0,0
2536285193,37.10279508000504,-76.3922371433006,16.358513,-0.0,0.2507577,0.33698803,0.6843436,-0.04410666,1.2408983,2.168794,0.0,2,0,0,0
2536489207,37.10279547687852,-76.39223629296869,16.237148,-0.0,0.19844913,0.4047345,0.6849609,-0.044182938,1.240848,2.168837,0.0,2,0,0,0
2536693351,37.10279576061161,-76.39223526725327,16.11362,-0.0,0.11801707,0.46541333,0.6770256,-0.04706436,1.241093,2.1687658,0.0,2,0,0,0
2536894932,37.1027959065252,-76.3922341720137,15.989764,-0.0,0.023128152,0.44818407,0.66248333,-0.04234513,1.2410021,2.168806,0.0,2,0,0,0
2537095154,37.10279585265977,-76.39223319357394,15.881262,-0.0,-0.066076465,0.35737896,0.6807896,-0.04228719,1.2410519,2.1688616,0.0,2,0,0,0
2537299033,37.1027956084153,-76.39223243780006,15.777649,-0.0,-0.123779275,0.25946182,0.6680696,-0.048882887,1.2410196,2.1687279,0.0,2,0,0,0
2537499033,37.10279525387149,-76.39223189758926,15.671893,-0.0,-0.18161272,0.15615895,0.64541215,-0.063594535,1.24098,2.1687722,0.0,2,0,0,0
2537702973,37.10279485267315,-76.39223158158073,15.558935,-0.0,-0.22820102,0.09417176,0.6449772,-0.07252301,1.2412356,2.1688762,0.0,2,0,0,0
2537902986,37.10279439781749,-76.3922314632063,15.436909,-0.0,-0.26660377,0.05522497,0.640945,-0.07185963,1.2411474,2.168741,0.0,2,0,0,0
2538106970,37.1027938466209,-76.39223147384712,15.304227,-0.0,-0.2885122,0.015423177,0.61242485,-0.062925376,1.2411784,2.1687841,0.0,2,0,0,0
2538307104,37.10279333792781,-76.39223156686201,15.166073,-0.0,-0.28157154,-0.043262847,0.59630483,-0.054104764,1.241212,2.1688242,0.0,2,0,0,0
2538507038,37.10279282541384,-76.39223175349119,15.017617,-0.0,-0.27579892,-0.08141169,0.5747656,-0.050456952,1.2412465,2.1688666,0.0,2,0,0,0
2538710795,37.10279230138794,-76.3922319760052,14.860851,-0.0,-0.27047518,-0.088289306,0.51604813,-0.05056873,1.2415366,2.1687946,0.0,2,0,0,0
2538914823,37.10279179612551,-76.39223221754777,14.725903,-0.0,-0.28707618,-0.05631396,0.45676917,-0.04959345,1.2415738,2.1688347,0.0,2,0,0,0
2539114997,37.10279130430046,-76.39223247455536,14.588311,-0.0,-0.27395615,-0.05374684,0.4223901,-0.045368444,1.2416135,2.1688771,0.0,2,0,0,0
2539318913,37.10279084384432,-76.39223275996326,14.446965,-0.0,-0.22631665,-0.07050612,0.41458032,-0.03809313,1.241911,2.1687999,0.0,2,0,0,0
2539518920,37.10279050863655,-76.39223307141373,14.317089,-0.0,-0.15325713,-0.10217572,0.39624262,-0.036671396,1.2419434,2.1688397,0.0,2,0,0,0
2539723002,37.1027903352006,-76.39223337239684,14.195397,-0.0,-0.06781912,-0.120218895,0.3422997,-0.038108476,1.2419778,2.1688826,0.0,2,0,0,0
2539926905,37.10279027324756,-76.39223357685545,14.08584,-0.0,0.029103018,-0.11490165,0.27818322,-0.038225356,1.2422012,2.168812,0.0,2,0,0,0
2540126906,37.102790327052865,-76.39223376587452,13.99287,-0.0,0.088652365,-0.10859266,0.28159192,-0.03833837,1.2422785,2.1688526,0.0,2,0,0,0
2540326953,37.10279052801762,-76.39223402411596,13.905392,-0.0,0.1165004,-0.10369394,0.24805966,-0.04162926,1.2423464,2.168895,0.0,2,0,0,0
2540528625,37.10279073999258,-76.39223423577542,13.822163,-0.0,0.09432142,-0.084227376,0.2426431,-0.042549733,1.242399,2.1687667,0.0,2,0,0,0
2540732609,37.10279090653087,-76.39223448029526,13.7512,-0.0,0.057627104,-0.06440572,0.24114567,-0.038655322,1.2424742,2.1688108,0.0,2,0,0,0
2540932621,37.10279100287825,-76.39223456762808,13.62166,-0.0,0.046466716,0.022500701,0.5934372,-0.033343434,1.242432,2.1688507,0.0,2,0,0,0
2541136515,37.10279109086771,-76.39223446002465,13.48761,-0.0,0.040880043,0.10643777,0.39943588,-0.030350057,1.2426742,2.1687784,0.0,2,0,0,0
2541340409,37.1027911330967,-76.3922341119192,13.392421,-0.0,0.019910157,0.1297403,0.32796988,-0.030725995,1.2426728,2.168823,0.0,2,0,0,0
2541540557,37.10279113607488,-76.39223366681605,13.290211,-0.0,0.0258451,0.12737396,0.3253211,-0.030126203,1.2426603,2.168869,0.0,2,0,0,0
2541740557,37.10279121759544,-76.39223345819715,13.188915,-0.0,0.10990017,0.05152219,0.28805768,-0.031890914,1.2426785,2.1689107,0.0,2,0,0,0
2541940411,37.102791491111766,-76.39223347501576,13.113233,-0.0,0.17899042,-0.024661709,0.2760943,-0.041227162,1.2426819,2.1687768,0.0,2,0,0,0
2542144519,37.10279185716747,-76.39223363282912,13.042053,-0.0,0.2530296,-0.10394714,0.3017617,-0.04880265,1.2429625,2.1688857,0.0,2,0,0,0
2542348520,37.10279234977306,-76.39223401021796,12.965595,-0.0,0.27876484,-0.1756299,0.33521107,-0.054032348,1.2429848,2.168933,0.0,2,0,0,0
2542548564,37.10279288592634,-76.3922346010608,12.880477,-0.0,0.2830665,-0.22002721,0.40136784,-0.056047954,1.2430142,2.1687963,0.0,2,0,0,0
2542748589,37.102793434507134,-76.39223531495398,12.78986,-0.0,0.2998671,-0.30220366,0.392873,-0.053018495,1.2430481,2.1688404,0.0,2,0,0,0
2542948419,37.10279402562359,-76.39223614979515,12.700474,-0.0,0.28909746,-0.3109583,0.43102694,-0.050265063,1.243073,2.1688807,0.0,2,0,0,0
2543152663,37.10279458484793,-76.39223694976975,12.614602,-0.0,0.27981794,-0.28490806,0.44591168,-0.04667796,1.2433879,2.1688068,0.0,2,0,0,0
2543352557,37.10279514640081,-76.39223768743652,12.532063,-0.0,0.25082743,-0.25289902,0.45720363,-0.043887462,1.2433803,2.168845,0.0,2,0,0,0
2543556562,37.102795684938386,-76.39223831447342,12.44595,-0.0,0.20548952,-0.18059321,0.5034162,-0.043162696,1.2433711,2.168881,0.0,2,0,0,0
2543756707,37.10279607641085,-76.39223872039234,12.356485,-0.0,0.13932425,-0.110786304,0.5230914,-0.042294607,1.2433598,2.1689157,0.0,2,0,0,0
2543958022,37.10279642762904,-76.39223914735209,12.270008,-0.0,0.0568869,-0.05435095,0.55047756,-0.041605674,1.2433281,2.1689522,0.0,2,0,0,0
2544162224,37.10279664028153,-76.39223937307193,12.177104,-0.0,-0.013735817,0.018635806,0.54780865,-0.0418825,1.2436005,2.168886,0.0,2,0,0,0
2544361991,37.1027966918762,-76.39223916967792,12.065685,-0.0,-0.075893074,0.110587604,0.58381456,-0.04334267,1.2435873,2.1689196,0.0,2,0,0,0
2544566186,37.10279656305565,-76.3922387492866,11.939644,-0.0,-0.12569185,0.15695737,0.59798133,-0.044338703,1.2435621,2.168956,0.0,2,0,0,0
2544770182,37.102796327374975,-76.39223822664516,11.812843,-0.0,-0.14343832,0.21535589,0.5979548,-0.04509559,1.2437598,2.1688752,0.0,2,0,0,0
2544970178,37.10279605551819,-76.39223777774802,11.699194,-0.0,-0.14585274,0.2217837,0.6027007,-0.045578092,1.2436334,2.1689095,0.0,2,0,0,0
2545174025,37.10279574924995,-76.39223735920166,11.596062,-0.0,-0.14545912,0.20908162,0.57278717,-0.045015827,1.2435913,2.1689467,0.0,2,0,0,0
2545374166,37.102795414389476,-76.39223695880605,11.49576,-0.0,-0.17327383,0.19440034,0.5826528,-0.044783145,1.2435583,2.1688075,0.0,2,0,0,0
2545578241,37.10279505053794,-76.39223670730914,11.383011,-0.0,-0.1954033,0.17888992,0.5971515,-0.044459287,1.2375542,2.168792,0.0,2,0,0,0
2545782179,37.10279467509516,-76.39223662061752,11.269646,-0.0,-0.23229599,0.13878582,0.61767256,-0.045855157,1.2375404,2.168661,0.0,2,0,0,0
2545986434,37.10279435466271,-76.39223671026646,11.148013,-0.0,-0.23324363,0.09802611,0.6420902,-0.044936102,1.2377591,2.168769,0.0,2,0,0,0
2546186144,37.102794051053245,-76.39223688458203,11.024242,-0.0,-0.19783218,0.05864094,0.6554838,-0.044333454,1.2377226,2.1688142,0.0,2,0,0,0
2546386140,37.10279383930775,-76.39223709004344,10.904839,-0.0,-0.15152879,0.03615606,0.668971,-0.04486686,1.2376635,2.1686807,0.0,2,0,0,0
2546590154,37.10279377161053,-76.3922372768419,10.786276,-0.0,-0.099602096,0.039932743,0.67274827,-0.048545737,1.2376794,2.168724,0.0,2,0,0,0
2546790101,37.10279376878241,-76.39223750163157,10.672921,-0.0,-0.0670966,0.042813648,0.6482912,-0.051865984,1.2376834,2.1687632,0.0,2,0,0,0
2546994096,37.10279383240365,-76.39223775632368,10.567698,-0.0,-0.050100416,0.07922407,0.61813676,-0.049342375,1.2379221,2.1686919,0.0,2,0,0,0
2547194142,37.102793998360845,-76.39223786129716,10.459087,-0.0,-0.029805806,0.141659,0.6105621,-0.04817298,1.2379435,2.1687336,0.0,2,0,0,0
2547399764,37.10279420469666,-76.39223776374028,10.341629,-0.0,-0.026041213,0.22358647,0.5966665,-0.0501175,1.2381579,2.1688354,0.0,2,0,0,0
2547599741,37.10279432079377,-76.39223746253,10.229639,-0.0,-0.03650356,0.2650216,0.60239154,-0.05103192,1.2380812,2.1686833,0.0,2,0,0,0
2547799590,37.102794382954784,-76.39223697927434,10.118082,-0.0,-0.038155757,0.3000405,0.5754849,-0.051448602,1.2379922,2.168725,0.0,2,0,0,0
2548003524,37.102794521258836,-76.39223637560703,10.010847,-0.0,-0.020884946,0.2864319,0.6058573,-0.05612113,1.2379829,2.1687646,0.0,2,0,0,0
2548207799,37.10279466123531,-76.39223577583991,9.899265,-0.0,-0.040226586,0.26312917,0.6628211,-0.06337572,1.2382131,2.1688633,0.0,2,0,0,0
2548407745,37.1027947116871,-76.3922352614384,9.79517,-0.0,-0.08821707,0.206294,0.6932551,-0.06644157,1.2381945,2.1687248,0.0,2,0,0,0
2548607780,37.10279464511337,-76.39223485357574,9.6923485,-0.0,-0.1627282,0.1437583,0.71800077,-0.06585766,1.2381903,2.16876,0.0,2,0,0,0
2548807711,37.10279440645232,-76.39223459530605,9.578967,-0.0,-0.23449105,0.07295174,0.74092656,-0.0602572,1.238187,2.1687915,0.0,2,0,0,0
2549011715,37.10279403034914,-76.39223451859783,9.44618,-0.0,-0.29756343,-0.0042787986,0.7551445,-0.05318031,1.2381935,2.1688187,0.0,2,0,0,0
2549215608,37.102793611712464,-76.39223453509261,9.30726,-0.0,-0.31519884,-0.050161805,0.74112713,-0.04631092,1.2384346,2.168911,0.0,2,0,0,0
2549419751,37.10279319789157,-76.39223460680991,9.1728945,-0.0,-0.2876978,-0.05722647,0.72054166,-0.042999156,1.2384404,2.1689396,0.0,2,0,0,0
2549619785,37.10279285801166,-76.39223464836465,9.0346775,-0.0,-0.24482995,-0.050485145,0.7088829,-0.041675862,1.2384493,2.1687896,0.0,2,0,0,0
2549823702,37.10279261779828,-76.39223469786897,8.88143,-0.0,-0.18333761,-0.053804837,0.71327287,-0.040671512,1.2386113,2.1688843,0.0,2,0,0,0
2550027567,37.10279249322104,-76.39223472803492,8.721172,-0.0,-0.11392061,-0.07397967,0.69610846,-0.040684864,1.238629,2.168742,0.0,2,0,0,0
2550231555,37.10279246171919,-76.39223474573068,8.568466,-0.0,-0.056165256,-0.08378481,0.6348185,-0.040119033,1.2388984,2.1688395,0.0,2,0,0,0
2550431910,37.102792444598165,-76.39223484145136,8.430965,-0.0,-0.038180266,-0.086208045,0.62013733,-0.03726402,1.2389283,2.1688738,0.0,2,0,0,0
2550635725,37.10279243771331,-76.39223501350122,8.299709,-0.0,-0.011668481,-0.08294356,0.5912133,-0.032834664,1.2389705,2.168909,0.0,2,0,0,0
2550837443,37.10279248882771,-76.39223516030697,8.17526,-0.0,-0.011028922,-0.06460043,0.6001248,-0.03022023,1.239009,2.1687644,0.0,2,0,0,0
2551037334,37.102792575434215,-76.39223524011226,8.051636,-0.0,-0.011399673,-0.07326284,0.58240044,-0.029910875,1.2391001,2.168812,0.0,2,0,0,0
2551241363,37.102792660012355,-76.39223533815502,7.925933,-0.0,-0.030863388,-0.07150342,0.57442284,-0.031196075,1.2393935,2.1689103,0.0,2,0,0,0
2551445325,37.10279271106458,-76.39223547736266,7.7983184,-0.0,-0.04960522,-0.09237039,0.5563607,-0.032385804,1.2394506,2.168766,0.0,2,0,0,0
2551649322,37.10279276607061,-76.39223563976653,7.6703925,-0.0,-0.0744041,-0.06840046,0.5505596,-0.03393314,1.2397441,2.1688657,0.0,2,0,0,0
2551849204,37.102792781433465,-76.3922358796731,7.5452147,-0.0,-0.10553212,-0.08335301,0.5460634,-0.033585105,1.239786,2.1687284,0.0,2,0,0,0
2552053182,37.10279275852325,-76.39223619552779,7.415578,-0.0,-0.086958565,-0.111050375,0.56018645,-0.031743355,1.239823,2.1687663,0.0,2,0,0,0
2552257421,37.10279275101447,-76.3922365936423,7.285204,-0.0,-0.06151792,-0.10171636,0.580287,-0.033745863,1.2400993,2.1688676,0.0,2,0,0,0
2552457222,37.102792782379126,-76.39223698521388,7.165154,-0.0,-0.01388856,-0.09690581,0.57731503,-0.036584906,1.2400923,2.168731,0.0,2,0,0,0
2552657232,37.10279282962763,-76.3922372343363,7.0476174,-0.0,0.021585705,-0.077305354,0.5728539,-0.039426897,1.2401406,2.1687703,0.0,2,0,0,0
2552861325,37.102792832545816,-76.39223730927964,6.927451,-0.0,0.050518632,-0.04766678,0.5686271,-0.04160434,1.2402115,2.1688094,0.0,2,0,0,0
2553065361,37.10279282033916,-76.39223721854059,6.819289,-0.0,0.035008203,0.00026495848,0.59511656,-0.04515888,1.2404768,2.1689107,0.0,2,0,0,0
2553269190,37.10279278611208,-76.3922370008342,6.726635,-0.0,0.033507895,0.033203013,0.44543037,-0.049856313,1.2404898,2.1687698,0.0,2,0,0,0
2553469371,37.10279276143076,-76.39223678098112,6.6989717,-0.0,0.02467914,0.05010465,0.0621288,-0.05039666,1.240502,2.1688077,0.0,2,0,0,0
2553669192,37.10279277556285,-76.39223662056666,6.737149,-0.0,0.007626298,0.0641578,-0.16091958,-0.052270178,1.2405019,2.1688433,0.0,2,0,0,0
2553873367,37.10279272863384,-76.39223648447691,6.828331,-0.0,-0.039752677,0.047384363,-0.63193685,-0.056626115,1.2407457,2.1687675,0.0,2,0,0,0
2554077297,37.1027925204433,-76.39223632643164,7.0054655,-0.0,-0.12416287,0.041747086,-1.0709531,-0.061330613,1.2407619,2.1688085,0.0,2,0,0,0
2554278803,37.10279210270287,-76.39223613376848,7.2799206,-0.0,-0.21596402,0.036425155,-1.585752,-0.06438187,1.2410295,2.1687384,0.0,2,0,0,0
2554482781,37.10279150953239,-76.39223591128084,7.682135,-0.0,-0.26095387,0.050884165,-2.1464007,-0.060796026,1.2409872,2.1687665,0.0,2,0,0,0
2554683010,37.10279087888859,-76.3922357102467,8.168195,-0.0,-0.24317673,0.05009907,-2.5943367,-0.049667437,1.2410418,2.1688123,0.0,2,0,0,0
2554886935,37.10279035128623,-76.39223559447596,8.754234,-0.0,-0.14584698,0.024946881,-3.0204182,-0.034845155,1.2413812,2.168744,0.0,2,0,0,0
2555086985,37.10279010260987,-76.39223554694702,9.407943,-0.0,0.028355224,0.022277491,-3.4514008,-0.027533958,1.2414643,2.1687913,0.0,2,0,0,0
2555290981,37.102790216961665,-76.39223550909358,10.151383,-0.0,0.2311725,0.012470779,-3.8625424,-0.028126962,1.2415532,2.1688406,0.0,2,0,0,0
2555494989,37.10279075156039,-76.39223550415961,10.9640045,-0.0,0.44869775,-0.009469002,-4.200079,-0.0327118,1.2419306,2.1687717,0.0,2,0,0,0
2555698765,37.102791691384134,-76.39223562961526,11.8223,-0.0,0.6583218,-0.08991729,-4.477271,-0.040240325,1.2420295,2.1688173,0.0,2,0,0,0
2555898989,37.10279294149211,-76.39223593434515,12.699397,-0.0,0.84500706,-0.17950192,-4.754013,-0.043486282,1.2421298,2.1688647,0.0,2,0,0,0
2556103059,37.10279457048851,-76.39223643228533,13.646196,-0.0,1.0161283,-0.26826423,-5.021742,-0.04532837,1.2425063,2.1688,0.0,2,0,0,0
2556307049,37.102796473498685,-76.39223703841701,14.645814,-0.0,1.1430851,-0.3063637,-5.2192497,-0.04505886,1.2426183,2.1688454,0.0,2,0,0,0
2556507025,37.10279853303181,-76.39223768527265,15.662608,-0.0,1.2228711,-0.32383478,-5.426012,-0.04414658,1.2426713,2.168891,0.0,2,0,0,0
2556706905,37.102800762523096,-76.39223836812407,16.704237,-0.0,1.310057,-0.371678,-5.5870314,-0.042228065,1.2427179,2.1687603,0.0,2,0,0,0
2556910888,37.1028031790207,-76.39223916121087,17.801643,-0.0,1.3665172,-0.4218414,-5.7612805,-0.039504025,1.2430542,2.1688724,0.0,2,0,0,0
2557114887,37.10280567501802,-76.39224006198184,18.945873,-0.0,1.3898332,-0.43965858,-5.985868,-0.03900685,1.2431046,2.1687448,0.0,2,0,0,0
2557318920,37.10280822897921,-76.3922409881176,20.14384,-0.0,1.4108062,-0.4254862,-6.2416916,-0.04283785,1.2434134,2.168859,0.0,2,0,0,0
2557519038,37.1028107711347,-76.39224186162018,21.376701,-0.0,1.4479777,-0.41233176,-6.5184216,-0.045532532,1.2434298,2.1687334,0.0,2,0,0,0
2557720651,37.10281342260698,-76.39224268815298,22.680313,-0.0,1.5085232,-0.3827909,-6.7686806,-0.04179753,1.2434009,2.1687849,0.0,2,0,0,0
2557924563,37.10281623787835,-76.39224348227795,24.045237,-0.0,1.5636625,-0.34089336,-6.964621,-0.038559135,1.2434417,2.1688495,0.0,2,0,0,0
2558124379,37.10281912744452,-76.39224415713939,25.411861,-0.0,1.6406325,-0.2641282,-7.084186,-0.036846757,1.2433949,2.1687238,0.0,2,0,0,0
2558328578,37.102822229609636,-76.39224463819392,26.82884,-0.0,1.7116851,-0.16811275,-7.1932554,-0.03709595,1.2436136,2.1688387,0.0,2,0,0,0
2558532594,37.10282549353087,-76.39224488666369,28.261044,-0.0,1.8001593,-0.06664429,-7.225905,-0.04064481,1.24351,2.1687129,0.0,2,0,0,0
2558736578,37.10282896815349,-76.39224484665797,29.690828,-0.0,1.9495409,0.06994413,-7.214523,-0.045126777,1.2437097,2.1688216,0.0,2,0,0,0
2558936549,37.102832636237366,-76.39224438086775,31.072433,-0.0,2.091926,0.37160012,-7.160797,-0.048644993,1.2436191,2.1688662,0.0,2,0,0,0
2559140556,37.10283664119826,-76.39224300510438,32.48249,-0.0,2.2164843,0.90623516,-7.1439724,-0.048643194,1.243506,2.1687338,0.0,2,0,0,0
2559344662,37.102840840173535,-76.39224022449663,33.904514,-0.0,2.3124793,1.5546778,-7.194703,-0.044163864,1.2436633,2.1688423,0.0,2,0,0,0
2559548523,37.1028451097201,-76.39223588197949,35.32883,-0.0,2.347598,2.2054327,-7.0791087,-0.04298226,1.2435561,2.1688871,0.0,2,0,0,0
2559748581,37.10284934864571,-76.39223007732987,36.68817,-0.0,2.3620465,2.8354576,-6.9338117,-0.041585393,1.2435404,2.1689265,0.0,2,0,0,0
2559952658,37.1028536055173,-76.39222280578369,38.03647,-0.0,2.3309095,3.4250486,-6.7333055,-0.03756001,1.2436863,2.168842,0.0,2,0,0,0
2560156512,37.10285770642478,-76.39221414318207,39.35792,-0.0,2.2816324,4.0041094,-6.556193,-0.031083647,1.2436261,2.16887,0.0,2,0,0,0
2560356737,37.1028615280214,-76.39220432310456,40.634094,-0.0,2.1844716,4.5724726,-6.4363194,-0.025519067,1.2435747,2.1688962,0.0,2,0,0,0
2560560525,37.10286516091858,-76.39219316353774,41.91392,-0.0,2.0912268,5.097042,-6.250858,-0.027087254,1.2437079,2.1688068,0.0,2,0,0,0
2560760402,37.10286852474065,-76.39218120614737,43.12462,-0.0,2.0266228,5.54046,-5.962741,-0.03336229,1.2436283,2.1690087,0.0,2,0,0,0
2560964390,37.10287180902561,-76.39216802027717,44.295975,-0.0,1.9887308,5.9625688,-5.6618752,-0.037125237,1.2435575,2.169028,0.0,2,0,0,0
2561168654,37.102874971880844,-76.39215382678522,45.413147,-0.0,1.9635106,6.37144,-5.388337,-0.039196048,1.2437991,2.1689284,0.0,2,0,0,0
2561370145,37.102877971238016,-76.3921388884473,46.4707,-0.0,1.9259709,6.784201,-5.11884,-0.042024754,1.2437525,2.1689537,0.0,2,0,0,0
2561574181,37.10288089747239,-76.39212285372159,47.487038,-0.0,1.8945668,7.205579,-4.886135,-0.04625405,1.243711,2.1689734,0.0,2,0,0,0
2561774152,37.102883704201865,-76.39210621952277,48.42736,-0.0,1.8666189,7.618249,-4.6017528,-0.04818846,1.2436389,2.1689906,0.0,2,0,0,0
2561974022,37.10288642644403,-76.39208869226583,49.3244,-0.0,1.8280264,8.02382,-4.357118,-0.045964394,1.2435422,2.1690047,0.0,2,0,0,0
2562178196,37.10288910657062,-76.39206987188315,50.20949,-0.0,1.7827715,8.421932,-4.161537,-0.04641178,1.2374593,2.1689575,0.0,2,0,0,0
2562382025,37.102891762240894,-76.39205016744285,51.055542,-0.0,1.7775263,8.776537,-3.9415255,-0.046315804,1.237429,2.1687903,0.0,2,0,0,0
2562586227,37.10289433187886,-76.3920296464456,51.849407,-0.0,1.7523117,9.136246,-3.6458752,-0.049816083,1.2376628,2.1688664,0.0,2,0,0,0
2562786169,37.102896863942526,-76.39200863665131,52.561527,-0.0,1.727322,9.500157,-3.3865564,-0.05378092,1.237649,2.1688752,0.0,2,0,0,0
2562985967,37.10289940766467,-76.39198671884003,53.23063,-0.0,1.7226164,9.907643,-3.2071757,-0.055300068,1.2376045,2.1688836,0.0,2,0,0,0
2563190169,37.1029019915437,-76.39196340243066,53.885376,-0.0,1.7240812,10.357909,-3.0605807,-0.06252252,1.2375649,2.1688943,0.0,2,0,0,0
2563394007,37.10290456624709,-76.39193904528278,54.505486,-0.0,1.716492,10.832822,-2.8283458,-0.06614027,1.2377642,2.1689696,0.0,2,0,0,0
2563594143,37.102907062210576,-76.39191405797041,55.070614,-0.0,1.698356,11.292139,-2.536115,-0.06574424,1.2377805,2.1689808,0.0,2,0,0,0
2563794139,37.10290957612468,-76.39188789698281,55.593937,-0.0,1.6952119,11.758667,-2.4070685,-0.06095827,1.2377673,2.16899,0.0,2,0,0,0
2563997982,37.102912153040094,-76.39186012204412,56.120956,-0.0,1.6854364,12.192191,-2.3779516,-0.054721218,1.2377698,2.1688216,0.0,2,0,0,0
2564202199,37.10291473874488,-76.39183127161061,56.65215,-0.0,1.6877308,12.69163,-2.3557746,-0.049886864,1.2379551,2.1688952,0.0,2,0,0,0
2564406156,37.10291733333297,-76.39180144074433,57.17957,-0.0,1.670282,13.175546,-2.3332593,-0.045855243,1.2378857,2.168904,0.0,2,0,0,0
2564605889,37.1029198112617,-76.39177122253065,57.696808,-0.0,1.6484401,13.650692,-2.346634,-0.04234618,1.2378415,2.1689136,0.0,2,0,0,0
2564811596,37.10292231666246,-76.39173904779764,58.234936,-0.0,1.5990692,14.128746,-2.2844474,-0.030694444,1.2380416,2.1688135,0.0,2,0,0,0
2565015607,37.10292470322153,-76.3917059428735,58.75536,-0.0,1.5012871,14.599848,-2.1529129,-0.015487332,1.2380846,2.1688461,0.0,2,0,0,0
2565215612,37.10292681139832,-76.39167234083013,59.220863,-0.0,1.3700877,15.070471,-1.8595675,-0.012731655,1.2380689,2.168866,0.0,2,0,0,0
2565419619,37.102928712260244,-76.39163697858764,59.637177,-0.0,1.2307504,15.523839,-1.5644608,-0.01917387,1.2382996,2.1689494,0.0,2,0,0,0
2565623737,37.1029304557078,-76.39160048600806,60.032772,-0.0,1.1488637,16.017601,-1.5373572,-0.02642497,1.2382982,2.1689703,0.0,2,0,0,0
2565827765,37.10293206588362,-76.39156296133656,60.415546,-0.0,1.0970889,16.47636,-1.4508287,-0.025723131,1.2385151,2.1688783,0.0,2,0,0,0
2566027726,37.10293364503292,-76.39152515160623,60.778877,-0.0,1.1110508,16.931192,-1.3770247,-0.037677716,1.2385275,2.1689057,0.0,2,0,0,0
2566227845,37.10293529995478,-76.39148626857414,61.1518,-0.0,1.1511933,17.407345,-1.5817424,-0.035206333,1.2385471,2.1689339,0.0,2,0,0,0
2566431729,37.1029371003454,-76.39144560189682,61.568058,-0.0,1.1906601,17.787512,-1.6698138,-0.03546445,1.2385423,2.1687894,0.0,2,0,0,0
2566635600,37.10293899619097,-76.39140410546547,62.003384,-0.0,1.2513751,18.187023,-1.6681368,-0.041623395,1.238796,2.1688864,0.0,2,0,0,0
2566835727,37.10294098006985,-76.39136266486395,62.44452,-0.0,1.3167042,18.470655,-1.5829585,-0.04654732,1.2388209,2.16892,0.0,2,0,0,0
2567035663,37.10294314143024,-76.39132053180954,62.8817,-0.0,1.4003978,18.787466,-1.6189808,-0.048232194,1.2388676,2.168953,0.0,2,0,0,0
2567239656,37.102945525676034,-76.39127666689721,63.32285,-0.0,1.4668844,19.126347,-1.6894027,-0.041602317,1.2389169,2.1689823,0.0,2,0,0,0
2567443711,37.10294802729608,-76.39123208845483,63.74322,-0.0,1.5137403,19.379467,-1.6224622,-0.047039796,1.2391886,2.169075,0.0,2,0,0,0
2567647607,37.10295064004784,-76.39118702377122,64.16144,-0.0,1.5612198,19.597898,-1.6602248,-0.052390933,1.2391992,2.1690996,0.0,2,0,0,0
2567847599,37.10295333121145,-76.39114244368554,64.57136,-0.0,1.6120164,19.712471,-1.6168334,-0.05051546,1.2392652,2.1691244,0.0,2,0,0,0
2568051717,37.102956190225584,-76.39109670650203,64.963165,-0.0,1.5792866,19.740086,-1.6102196,-0.04392612,1.239578,2.1690323,0.0,2,0,0,0
2568253375,37.10295899860754,-76.39105141761381,65.34724,-0.0,1.4930937,19.746458,-1.6106901,-0.046196118,1.2396407,2.16906,0.0,2,0,0,0
2568457206,37.10296169523188,-76.39100569840619,65.726776,-0.0,1.4297206,19.659489,-1.6621693,-0.05405029,1.2397468,2.1690993,0.0,2,0,0,0
2568661191,37.10296431440301,-76.39096020786216,66.088806,-0.0,1.3325931,19.49938,-1.6213657,-0.05812657,1.2400557,2.1691902,0.0,2,0,0,0
2568865363,37.10296682327675,-76.39091529706747,66.43532,-0.0,1.2633141,19.289173,-1.5597397,-0.05911521,1.2400697,2.1692162,0.0,2,0,0,0
2569065326,37.102969202893505,-76.39087193316263,66.774506,-0.0,1.225878,19.044565,-1.6760368,-0.062458724,1.2400658,2.1692452,0.0,2,0,0,0
2569269459,37.102971598014825,-76.3908282943916,67.12906,-0.0,1.1776402,18.706287,-1.8560885,-0.06133954,1.2403504,2.169341,0.0,2,0,0,0
2569473213,37.102973932904455,-76.39078540390071,67.49365,-0.0,1.0931634,18.328978,-2.135093,-0.057987545,1.2403889,2.1693702,0.0,2,0,0,0
2569673377,37.102976090231095,-76.39074428586983,67.90539,-0.0,0.96118414,17.888298,-2.4985914,-0.044398002,1.2404457,2.1692066,0.0,2,0,0,0
2569877344,37.10297810774658,-76.39070329120531,68.37399,-0.0,0.8390561,17.543476,-2.7221422,-0.030979594,1.2407914,2.1693013,0.0,2,0,0,0
2570077395,37.10297991345909,-76.39066371378776,68.84227,-0.0,0.75731444,17.405027,-2.7355578,-0.03335045,1.2408894,2.1693232,0.0,2,0,0,0
2570281196,37.102981677435935,-76.39062370071744,69.29634,-0.0,0.7263095,17.293808,-2.6548688,-0.043215584,1.2409568,2.1693387,0.0,2,0,0,0
2570485288,37.1029835210258,-76.39058378210356,69.73049,-0.0,0.7493182,17.286348,-2.4715354,-0.05164864,1.2413061,2.169423,0.0,2,0,0,0
2570689325,37.102985429064965,-76.39054393110523,70.1366,-0.0,0.7820738,17.2494,-2.2960134,-0.05257865,1.2413319,2.1694343,0.0,2,0,0,0
2570889310,37.102987341442315,-76.39050488413358,70.52239,-0.0,0.7623285,17.232233,-2.1832595,-0.049863335,1.2413238,2.1692522,0.0,2,0,0,0
2571093323,37.10298922676376,-76.39046519039314,70.90147,-0.0,0.7272296,17.140753,-2.1390908,-0.04613162,1.241549,2.1693323,0.0,2,0,0,0
2571297296,37.1029909635123,-76.39042577039919,71.28764,-0.0,0.6410913,16.978233,-2.288887,-0.046127856,1.2414817,2.1693423,0.0,2,0,0,0
2571497313,37.10299254714046,-76.39038758527026,71.673065,-0.0,0.60408735,16.731031,-2.295683,-0.048236325,1.2414058,2.169353,0.0,2,0,0,0
2571698985,37.10299412644056,-76.3903498254682,72.04528,-0.0,0.6262824,16.358679,-2.325648,-0.04706167,1.2416042,2.169235,0.0,2,0,0,0
2571902966,37.1029956559587,-76.39031259543366,72.3871,-0.0,0.57913095,15.98125,-2.0888686,-0.04556597,1.2414039,2.1692228,0.0,2,0,0,0
2572103096,37.10299711411746,-76.39027698085579,72.69437,-0.0,0.54017246,15.656776,-1.9912114,-0.043513782,1.2412915,2.1692276,0.0,2,0,0,0
2572302950,37.10299852385607,-76.39024219731994,72.98498,-0.0,0.49732357,15.274516,-1.8199086,-0.038413294,1.2411749,2.1692262,0.0,2,0,0,0
2572511125,37.1029999126815,-76.39020680366421,73.254425,-0.0,0.44990742,14.949696,-1.6065172,-0.03170814,1.2413415,2.1692839,0.0,2,0,0,0
2572715017,37.103001232237325,-76.39017271335157,73.48214,-0.0,0.41595683,14.64022,-1.4686854,-0.025395153,1.241545,2.1691515,0.0,2,0,0,0
2572918930,37.103002534178074,-76.39013924554557,73.661705,-0.0,0.39681932,14.392622,-1.1295793,-0.021229602,1.2414607,2.1691444,0.0,2,0,0,0
2573118978,37.10300377618103,-76.39010700520487,73.79028,-0.0,0.40083095,14.14715,-0.9112746,-0.016122483,1.2413529,2.1691318,0.0,2,0,0,0
2573322991,37.10300497967963,-76.39007455237206,73.87478,-0.0,0.3967392,13.948751,-0.64887214,-0.013167314,1.2415066,2.1691787,0.0,2,0,0,0
2573526825,37.10300619598943,-76.39004245655906,73.90781,-0.0,0.409335,13.757957,-0.34076384,-0.017184364,1.2414484,2.1691604,0.0,2,0,0,0
2573730983,37.10300749136379,-76.39001111418655,73.91889,-0.0,0.4998788,13.524839,-0.26271176,-0.024095602,1.2415316,2.1690164,0.0,2,0,0,0
2573930972,37.10300898017369,-76.38998104916897,73.941864,-0.0,0.64287055,13.259859,-0.31281587,-0.03176135,1.2413757,2.1689932,0.0,2,0,0,0
2574134958,37.1030108357965,-76.38995095144797,73.952736,-0.0,0.8428316,13.057521,-0.30439997,-0.043462507,1.2412354,2.168976,0.0,2,0,0,0
2574338916,37.10301305716214,-76.38992136249108,73.95505,-0.0,1.0067766,12.833636,-0.22347637,-0.05579885,1.2413722,2.16884,0.0,2,0,0,0
2574542966,37.10301561408192,-76.3898923110326,73.943695,-0.0,1.1655031,12.6269655,-0.12887457,-0.06877243,1.2412342,2.1688247,0.0,2,0,0,0
2574742969,37.103018385515945,-76.389864288647,73.94137,-0.0,1.282627,12.335455,-0.17812052,-0.07543883,1.2411381,2.1688085,0.0,2,0,0,0
2574946913,37.10302139106945,-76.38983636914287,73.94602,-0.0,1.3557401,12.083287,-0.080033034,-0.08104023,1.241281,2.1688523,0.0,2,0,0,0
2575147773,37.10302447933165,-76.38980941023627,73.94072,-0.0,1.4598323,11.858205,-0.010714086,-0.08229137,1.2412196,2.168832,0.0,2,0,0,0
2575348412,37.103027732509766,-76.38978299106951,73.94604,-0.0,1.5773133,11.627542,-0.048325665,-0.07658748,1.241064,2.168794,0.0,2,0,0,0
2575552903,37.10303124332535,-76.3897566826977,73.97484,-0.0,1.6979793,11.3525505,-0.0054338276,-0.06661984,1.241275,2.1688411,0.0,2,0,0,0
2575756662,37.10303492255845,-76.38973099992249,73.99346,-0.0,1.8071254,11.054707,0.019348882,-0.06549532,1.2412275,2.1688294,0.0,2,0,0,0
2575960733,37.10303869929787,-76.38970592949772,74.00668,-0.0,1.775916,10.860877,0.22392666,-0.082461104,1.2414585,2.1687005,0.0,2,0,0,0
2576160577,37.10304225179334,-76.38968189314967,73.989944,-0.0,1.6121393,10.582319,0.3553297,-0.09534752,1.2414243,2.1686926,0.0,2,0,0,0
2576364514,37.103045483333155,-76.38965797983214,73.90784,-0.0,1.3733445,10.314497,0.637471,-0.0898834,1.2413725,2.1686857,0.0,2,0,0,0
2576568614,37.103048256312036,-76.3896348633314,73.77679,-0.0,1.2144684,9.976192,1.0008376,-0.08144229,1.2415478,2.168742,0.0,2,0,0,0
2577176555,37.10305525259997,-76.38956976715275,73.01821,-0.0,0.9191146,9.20499,2.0811913,-0.090879135,1.2356486,2.168532,0.0,2,0,0,0
2578998026,37.103056186896865,-76.38941313999764,67.341446,-0.0,-1.3556415,6.9712954,4.740158,-0.1367413,1.236162,2.1684957,0.0,2,0,0,0
2579405978,37.10305067947622,-76.38938192981978,65.49878,-0.0,-2.0062253,6.8032713,5.030392,-0.13194251,1.2364448,2.168453,0.0,2,0,0,0
2579610024,37.10304700235472,-76.38936667938026,64.518814,-0.0,-2.299276,6.689217,5.2593546,-0.13086815,1.2364604,2.1684847,0.0,2,0,0,0
2579810000,37.103042845868515,-76.3893521572842,63.488613,-0.0,-2.6060076,6.507522,5.2243047,-0.12482494,1.236519,2.168519,0.0,2,0,0,0
2580014119,37.103037978829626,-76.38933776477705,62.43785,-0.0,-2.931112,6.322086,5.0183163,-0.12196579,1.2368149,2.168617,0.0,2,0,0,0
2580218198,37.10303255217169,-76.38932360835759,61.47162,-0.0,-3.2260423,6.2925153,4.6862698,-0.116476975,1.2369207,2.1686518,0.0,2,0,0,0
2580422196,37.103026689579394,-76.38930939965125,60.568478,-0.0,-3.4049037,6.3575687,4.330063,-0.11146343,1.2372792,2.1685715,0.0,2,0,0,0
2580622231,37.103020702095066,-76.38929527526065,59.70483,-0.0,-3.495504,6.457396,4.1578794,-0.10479484,1.2374425,2.1685998,0.0,2,0,0,0
2580822336,37.10301459962778,-76.38928101495061,58.874577,-0.0,-3.5410817,6.5034404,3.8920863,-0.0978445,1.2376205,2.1686246,0.0,2,0,0,0
2581022207,37.103008429931705,-76.38926660667526,58.066086,-0.0,-3.5668664,6.6013517,3.8453083,-0.09563475,1.237798,2.168645,0.0,2,0,0,0
2581226151,37.10300208014529,-76.38925162889603,57.265812,-0.0,-3.5846403,6.7210283,3.7430668,-0.098319255,1.237986,2.1686654,0.0,2,0,0,0
2581430169,37.10299572077623,-76.38923628394706,56.493996,-0.0,-3.5766146,6.8758183,3.5836682,-0.108213,1.2384005,2.1687436,0.0,2,0,0,0
2581630138,37.10298950929768,-76.3892208450509,55.771725,-0.0,-3.5118413,7.0275416,3.4096758,-0.11340477,1.2385716,2.1687593,0.0,2,0,0,0
2581830171,37.10298339016224,-76.38920510401906,55.08035,-0.0,-3.4719079,7.1512794,3.299061,-0.1163261,1.2387018,2.1687746,0.0,2,0,0,0
2582033965,37.10297720694388,-76.38918883167612,54.39051,-0.0,-3.4523327,7.242926,3.259707,-0.12289769,1.238831,2.1687896,0.0,2,0,0,0
2582235627,37.10297104509312,-76.38917244095886,53.704266,-0.0,-3.485148,7.406535,3.3599644,-0.12855501,1.239004,2.1688023,0.0,2,0,0,0
2582435715,37.10296481311304,-76.38915586545647,53.037563,-0.0,-3.5775168,7.5122113,3.1952558,-0.12777884,1.2391397,2.1688254,0.0,2,0,0,0
2582639621,37.10295830909278,-76.38913875796365,52.37067,-0.0,-3.6740172,7.598651,3.0191534,-0.12864612,1.2395341,2.1688983,0.0,2,0,0,0
2582843770,37.10295162524622,-76.38912138895257,51.733284,-0.0,-3.7063842,7.6702275,2.7593222,-0.13240573,1.2397043,2.1689107,0.0,2,0,0,0
2583047894,37.102944878249595,-76.38910376908622,51.16518,-0.0,-3.686276,7.7882357,2.4875276,-0.1327591,1.2401412,2.1688077,0.0,2,0,0,0
2583247570,37.10293835525635,-76.38908623902806,50.6674,-0.0,-3.5917919,7.8287807,2.2336228,-0.1255955,1.2403494,2.1688235,0.0,2,0,0,0
2583451575,37.10293187008664,-76.38906819038777,50.189014,-0.0,-3.4977343,7.904105,2.0253236,-0.12443862,1.2404872,2.168838,0.0,2,0,0,0
2583655579,37.102925569969024,-76.38905005020777,49.73952,-0.0,-3.4545448,7.959146,1.8491359,-0.12899901,1.2408799,2.1687446,0.0,2,0,0,0
2583855580,37.10291948784695,-76.38903216466773,49.33442,-0.0,-3.452459,8.009749,1.7460792,-0.13055308,1.2409931,2.1687667,0.0,2,0,0,0
2584055620,37.10291333368545,-76.38901421031032,48.953503,-0.0,-3.5069826,8.02022,1.6829879,-0.13349424,1.2411039,2.1687896,0.0,2,0,0,0
2584259737,37.10290689540236,-76.38899587262236,48.561623,-0.0,-3.5969255,8.019565,1.6947546,-0.1374457,1.2412096,2.1688094,0.0,2,0,0,0
2584463586,37.10290027341938,-76.38897740865475,48.193096,-0.0,-3.6640887,8.094483,1.7138706,-0.14227574,1.2415949,2.1688952,0.0,2,0,0,0
2584667767,37.102893571085794,-76.38895871069475,47.84863,-0.0,-3.66581,8.204598,1.6592975,-0.1346131,1.2416452,2.1687462,0.0,2,0,0,0
2584867698,37.10288699814292,-76.38894011355849,47.521313,-0.0,-3.6784494,8.359476,1.6160108,-0.12226739,1.2416826,2.1687796,0.0,2,0,0,0
2585067742,37.10288043166863,-76.38892122461455,47.196228,-0.0,-3.6876554,8.488574,1.6511579,-0.11495094,1.2417045,2.1688175,0.0,2,0,0,0
2585271775,37.1028737535903,-76.38890164194048,46.861656,-0.0,-3.69524,8.6267185,1.5625261,-0.11223464,1.2419891,2.1687405,0.0,2,0,0,0
2585475718,37.1028670443825,-76.38888184454274,46.529415,-0.0,-3.705668,8.655208,1.5388751,-0.10580635,1.2419924,2.1687787,0.0,2,0,0,0
2585679767,37.10286024037725,-76.38886215245228,46.1881,-0.0,-3.7234805,8.527509,1.6406233,-0.096241385,1.2422436,2.1687067,0.0,2,0,0,0
2585881209,37.10285338498354,-76.38884296312136,45.820065,-0.0,-3.7972631,8.404731,1.783869,-0.084842294,1.2423031,2.1687624,0.0,2,0,0,0
2586081355,37.102846503277334,-76.38882427173114,45.425205,-0.0,-3.8346336,8.243027,1.9253683,-0.06421826,1.2422373,2.1688054,0.0,2,0,0,0
2586285335,37.10283944266299,-76.38880559824646,44.992577,-0.0,-3.858989,8.068366,2.0386665,-0.028013805,1.2421626,2.1686742,0.0,2,0,0,0
2586485347,37.102832453722435,-76.38878766048212,44.529568,-0.0,-3.8841228,7.908682,2.2063649,0.032317523,1.2420576,2.168719,0.0,2,0,0,0
2586689365,37.10282529565496,-76.38876986588113,44.053066,-0.0,-3.873338,7.6458917,2.2515078,0.10927967,1.2421963,2.1688237,0.0,2,0,0,0
2586893433,37.102818202749575,-76.38875263838364,43.56503,-0.0,-3.8285863,7.392955,2.3752472,0.19804786,1.2420686,2.1688597,0.0,2,0,0,0
2587097383,37.10281121538078,-76.38873600241982,43.0626,-0.0,-3.8197622,7.112565,2.3631916,0.30533206,1.2421875,2.168778,0.0,2,0,0,0
2587301316,37.1028043182547,-76.38872015069506,42.581505,-0.0,-3.7655356,6.7225595,2.245211,0.407224,1.2420543,2.168808,0.0,2,0,0,0
2587505470,37.10279750339698,-76.38870528967902,42.133503,-0.0,-3.6980464,6.230933,2.1405957,0.5014774,1.2421838,2.1688933,0.0,2,0,0,0
2587705323,37.102790910785515,-76.38869181234513,41.71839,-0.0,-3.6150017,5.707149,2.0390985,0.59434885,1.2420777,2.1689122,0.0,2,0,0,0
2587909396,37.10278437682955,-76.38867924898247,41.30913,-0.0,-3.5193324,5.2521305,1.8857843,0.6809875,1.2419463,2.1689343,0.0,2,0,0,0
2588109310,37.102778164718316,-76.3886679898057,40.9302,-0.0,-3.3854556,4.8276978,1.7113225,0.76031554,1.2418826,2.1689608,0.0,2,0,0,0
2588317198,37.10277200005025,-76.38865724989923,40.57521,-0.0,-3.2050643,4.4553437,1.5588633,0.83488655,1.2420765,2.168869,0.0,2,0,0,0
2588517192,37.10276643119588,-76.38864773123302,40.267467,-0.0,-2.9921474,4.121008,1.4446797,0.90089333,1.2420917,2.1688914,0.0,2,0,0,0
2588717432,37.10276118485406,-76.3886388832344,39.993797,-0.0,-2.788187,3.8442564,1.2705045,0.9642322,1.2421658,2.1689153,0.0,2,0,0,0
2588917304,37.10275626692622,-76.38863058443002,39.733974,-0.0,-2.6216688,3.620611,1.1278967,1.021268,1.2422937,2.1689382,0.0,2,0,0,0
2589121345,37.102751547389055,-76.3886226207859,39.48127,-0.0,-2.4503562,3.4481995,1.0155541,1.0724741,1.2427641,2.1690235,0.0,2,0,0,0
2589323015,37.10274724700624,-76.3886151980725,39.269745,-0.0,-2.2547202,3.2387784,0.85341066,1.126771,1.2430037,2.1688614,0.0,2,0,0,0
2589526990,37.10274333066955,-76.3886080344606,39.091354,-0.0,-2.0000815,3.101099,0.64259934,1.17206,1.2433587,2.1688893,0.0,2,0,0,0
2589730816,37.10273991398091,-76.38860120186462,38.936825,-0.0,-1.751997,3.035336,0.43705884,1.2035904,1.2440157,2.1689696,0.0,2,0,0,0
2589934799,37.10273698003112,-76.38859454336851,38.82136,-0.0,-1.4422914,2.9992616,0.31246075,1.2253376,1.2444056,2.168984,0.0,2,0,0,0
2590139102,37.102734605844994,-76.38858800631868,38.725914,-0.0,-1.2028632,2.910487,0.2951275,1.2403371,1.2451887,2.1688783,0.0,2,0,0,0
2590339032,37.10273268672323,-76.38858171322522,38.640423,-0.0,-1.0350059,2.8239505,0.31438613,1.2477905,1.2456199,2.1690671,0.0,2,0,0,0
2590543042,37.10273098934536,-76.38857557703804,38.54624,-0.0,-0.927673,2.7361267,0.35544372,1.2556183,1.2460942,2.1688902,0.0,2,0,0,0
2590747016,37.10272945724641,-76.38856970581212,38.444412,-0.0,-0.8560227,2.6339405,0.44988003,1.2667985,1.2468659,2.1689558,0.0,2,0,0,0
2590946960,37.10272811862514,-76.38856406169332,38.317192,-0.0,-0.86281264,2.5691214,0.5227378,1.274647,1.2472847,2.168953,0.0,2,0,0,0
2591146972,37.10272669839523,-76.38855862989799,38.17563,-0.0,-0.9109515,2.5258553,0.6261296,1.2805479,1.2476606,2.1689472,0.0,2,0,0,0
2591347071,37.10272515133717,-76.38855328929967,38.009865,-0.0,-0.9792984,2.4873068,0.7393342,1.2841156,1.2479873,2.1689453,0.0,2,0,0,0
2591547094,37.10272345572612,-76.38854803026422,37.82257,-0.0,-1.0138363,2.4474664,0.790757,1.2900916,1.2482579,2.1689427,0.0,2,0,0,0
2591750947,37.10272167131818,-76.38854267040747,37.618443,-0.0,-1.0272384,2.413332,0.9225482,1.2943277,1.2484788,2.1689396,0.0,2,0,0,0
2591951104,37.10271994629996,-76.3885374905205,37.406162,-0.0,-1.0170716,2.3872113,1.0211943,1.2996294,1.2486541,2.1689413,0.0,2,0,0,0
2592154918,37.1027181866223,-76.38853227209455,37.181328,-0.0,-0.98679495,2.3419826,1.0458621,1.306216,1.2491239,2.1688278,0.0,2,0,0,0
2592355007,37.10271655398798,-76.3885272776818,36.969566,-0.0,-0.93350583,2.274913,1.0267749,1.3105915,1.249224,2.1688323,0.0,2,0,0,0
2592558892,37.10271499389484,-76.38852229978323,36.760162,-0.0,-0.8501358,2.2493284,0.975509,1.3055025,1.2493017,2.1688397,0.0,2,0,0,0
2592759598,37.1027135436338,-76.38851733392352,36.56897,-0.0,-0.73753655,2.3105018,0.84619516,1.3024157,1.2492667,2.169024,0.0,2,0,0,0
2592960456,37.10271240084598,-76.38851216915008,36.438885,-0.0,-0.55513126,2.4475534,0.5904013,1.301523,1.2492617,2.1688578,0.0,2,0,0,0
2593164408,37.102711546805594,-76.38850643588373,36.375034,-0.0,-0.3245297,2.6411154,0.29624447,1.3037077,1.2496424,2.1689224,0.0,2,0,0,0
2593364350,37.102711060555514,-76.38850043866272,36.33925,-0.0,-0.15814424,2.8225436,0.14589344,1.3072526,1.249655,2.1689293,0.0,2,0,0,0
2593568635,37.102710832726885,-76.3884939046088,36.326046,-0.0,-0.033870075,2.9796746,0.024177033,1.3109448,1.2496549,2.1689358,0.0,2,0,0,0
2593768550,37.102710740040834,-76.38848714515257,36.340446,-0.0,0.010691246,3.115828,-0.06174028,1.3122663,1.249701,2.168943,0.0,2,0,0,0
2593977051,37.102710696668744,-76.38847980895632,36.37832,-0.0,0.008021937,3.2331123,-0.16795409,1.3111806,1.2426848,2.1687198,0.0,2,0,0,0
2594180628,37.102710654442944,-76.38847239258111,36.418774,-0.0,0.0041229217,3.292578,-0.23825312,1.3094177,1.2430003,2.1687927,0.0,2,0,0,0
2594380523,37.10271059278203,-76.38846497414218,36.45971,-0.0,0.010643934,3.3521812,-0.33043382,1.3091092,1.2429848,2.1688032,0.0,2,0,0,0
2594584530,37.10271051243046,-76.38845722948271,36.50991,-0.0,-0.0024581735,3.389976,-0.32141197,1.3095922,1.242984,2.1688151,0.0,2,0,0,0
2594788553,37.10271040763997,-76.38844936954578,36.56339,-0.0,-0.025822163,3.4475694,-0.35609573,1.3120258,1.2432336,2.1687193,0.0,2,0,0,0
2594988677,37.10271021738422,-76.38844154299237,36.61595,-0.0,-0.09100995,3.490026,-0.3725118,1.3118607,1.2432069,2.1687422,0.0,2,0,0,0
2595192533,37.10270984193095,-76.38843337095636,36.6716,-0.0,-0.199505,3.5502727,-0.41918874,1.3120162,1.2431636,2.1687694,0.0,2,0,0,0
2595392667,37.10270928047193,-76.38842532590843,36.736305,-0.0,-0.31406838,3.5737162,-0.43346235,1.3145399,1.2431073,2.1686208,0.0,2,0,0,0
2595596552,37.10270854728594,-76.38841710192925,36.81611,-0.0,-0.39531028,3.601114,-0.46543795,1.3239924,1.2433052,2.1687124,0.0,2,0,0,0
2595796564,37.10270770084224,-76.38840904657255,36.90513,-0.0,-0.45800272,3.6038103,-0.48046875,1.3374857,1.24323,2.1685739,0.0,2,0,0,0
2596000659,37.102706709635996,-76.38840080023928,36.988586,-0.0,-0.5034272,3.5881445,-0.42906573,1.3467543,1.2431505,2.1686113,0.0,2,0,0,0
2596200384,37.10270569163476,-76.38839278446497,37.0715,-0.0,-0.53133386,3.5530698,-0.41242304,1.3574437,1.2430671,2.1686518,0.0,2,0,0,0
2596406020,37.10270463820906,-76.388384689202,37.15228,-0.0,-0.54954237,3.4823735,-0.3683161,1.3644333,1.24322,2.1685846,0.0,2,0,0,0
2596606181,37.102703577066016,-76.38837692394638,37.200645,-0.0,-0.57698506,3.4338913,-0.3020132,1.3668289,1.2431893,2.1686416,0.0,2,0,0,0
2596806198,37.102702425366104,-76.38836928016838,37.23082,-0.0,-0.63288176,3.3969376,-0.19150774,1.376984,1.2431037,2.1686819,0.0,2,0,0,0
2597010124,37.10270112562276,-76.38836156688687,37.249832,-0.0,-0.6808044,3.3667855,-0.092641026,1.3864213,1.2429855,2.1685524,0.0,2,0,0,0
2597213984,37.10269974439506,-76.38835392759465,37.26079,-0.0,-0.71391785,3.350001,0.0057076802,1.3920487,1.2431241,2.1686568,0.0,2,0,0,0
2597414138,37.1026983619278,-76.38834642663718,37.262028,-0.0,-0.7533657,3.3511713,0.108532794,1.4012605,1.2430123,2.1686976,0.0,2,0,0,0
2597614164,37.102696965996586,-76.3883389800509,37.249367,-0.0,-0.7867475,3.3248143,0.16925861,1.413533,1.2429179,2.168568,0.0,2,0,0,0
2597813994,37.102695546684316,-76.38833150972215,37.22252,-0.0,-0.797026,3.3268032,0.24425131,1.4308555,1.2428575,2.1686096,0.0,2,0,0,0
2598014122,37.102694130499415,-76.38832395990286,37.1724,-0.0,-0.79202694,3.3519652,0.29214373,1.4423697,1.242784,2.1686502,0.0,2,0,0,0
2598214114,37.10269280368781,-76.38831631992096,37.116806,-0.0,-0.74105644,3.3950453,0.324862,1.4513825,1.2427437,2.1686916,0.0,2,0,0,0
2598418110,37.102691606776766,-76.3883084166843,37.064827,-0.0,-0.65147907,3.43936,0.31653407,1.462732,1.2427185,2.1687303,0.0,2,0,0,0
2598622242,37.102690554300466,-76.3883004160557,37.019096,-0.0,-0.5716744,3.4416292,0.3266333,1.4754066,1.2429593,2.1686594,0.0,2,0,0,0
2598822214,37.102689700969805,-76.38829259986278,36.98841,-0.0,-0.454677,3.4165182,0.27367842,1.48299,1.2429636,2.1687024,0.0,2,0,0,0
2599026005,37.102689064847674,-76.38828472653553,36.95404,-0.0,-0.3239491,3.3678126,0.24545534,1.484001,1.2429816,2.1685748,0.0,2,0,0,0
2599230135,37.10268866917592,-76.38827703075935,36.93251,-0.0,-0.2025227,3.284008,0.18341966,1.4838122,1.2432631,2.1686795,0.0,2,0,0,0
2599434014,37.1026884811148,-76.38826951425649,36.917953,-0.0,-0.10449216,3.2110462,0.19109017,1.4822533,1.2433063,2.1687212,0.0,2,0,0,0
2599634145,37.102688429532726,-76.38826225720949,36.905426,-0.0,-0.06449591,3.1759691,0.23129442,1.479028,1.2433585,2.168592,0.0,2,0,0,0
2599837988,37.10268841017103,-76.38825495576991,36.881775,-0.0,-0.06996457,3.1497533,0.27797854,1.4713103,1.2436736,2.1686995,0.0,2,0,0,0
2600039733,37.10268833875421,-76.38824781228207,36.85266,-0.0,-0.114994116,3.1510568,0.29632565,1.4599516,1.2437656,2.1687515,0.0,2,0,0,0
2600239778,37.102688144221034,-76.38824070321228,36.82007,-0.0,-0.20975116,3.1952503,0.27082103,1.449336,1.2436892,2.168598,0.0,2,0,0,0
2600443598,37.102687751199625,-76.38823335189579,36.797287,-0.0,-0.30728215,3.259757,0.2327315,1.4477371,1.243945,2.1687057,0.0,2,0,0,0
2600647733,37.10268713417763,-76.38822584986875,36.7845,-0.0,-0.42192283,3.3325486,0.16560192,1.4528297,1.2439351,2.16875,0.0,2,0,0,0
2600851720,37.10268633912602,-76.38821820986101,36.79243,-0.0,-0.5191483,3.4086146,0.00181052,1.4550186,1.2441695,2.168681,0.0,2,0,0,0
2601051844,37.10268541539813,-76.38821053751343,36.8187,-0.0,-0.5836101,3.4736202,-0.12065504,1.4613106,1.2441851,2.168725,0.0,2,0,0,0
2601255732,37.10268433057427,-76.38820257749418,36.855553,-0.0,-0.65136343,3.5160208,-0.21957174,1.468823,1.2441928,2.1685972,0.0,2,0,0,0
2601459576,37.102683083477835,-76.38819453524027,36.91829,-0.0,-0.73876107,3.5409021,-0.31915638,1.4737602,1.2444576,2.1687028,0.0,2,0,0,0
2601663576,37.10268170010605,-76.38818645720593,37.00042,-0.0,-0.79864866,3.5468159,-0.35634673,1.4738626,1.2444403,2.1687453,0.0,2,0,0,0
2601863802,37.10268029197041,-76.38817855226323,37.08828,-0.0,-0.7966535,3.5637007,-0.35384673,1.4684362,1.2443079,2.1686149,0.0,2,0,0,0
2602063605,37.102678897977825,-76.38817066968757,37.178364,-0.0,-0.75469375,3.5688229,-0.42072794,1.4652528,1.2442604,2.1686606,0.0,2,0,0,0
2602267614,37.10267762832923,-76.38816256583932,37.294136,-0.0,-0.6298943,3.580347,-0.58844477,1.4671637,1.2444599,2.1687648,0.0,2,0,0,0
2602467614,37.10267660629011,-76.38815456658904,37.425438,-0.0,-0.48408294,3.612299,-0.65319794,1.4700339,1.2444108,2.1686335,0.0,2,0,0,0
2602671619,37.102675825536856,-76.38814634571564,37.582367,-0.0,-0.31888524,3.6117816,-0.7409252,1.4721975,1.2443725,2.1686783,0.0,2,0,0,0
2602871697,37.10267540989222,-76.38813822186313,37.751858,-0.0,-0.14530808,3.6172597,-0.85262454,1.4714497,1.2443762,2.1687253,0.0,2,0,0,0
2603071747,37.10267536379396,-76.3881300529115,37.935402,-0.0,0.052882504,3.62082,-0.96334577,1.468735,1.2443408,2.1686,0.0,2,0,0,0
2603275753,37.10267562008439,-76.38812175386785,38.133606,-0.0,0.20236836,3.6173093,-1.0129263,1.4666531,1.2445974,2.168712,0.0,2,0,0,0
2603477317,37.10267603334958,-76.38811364063784,38.33854,-0.0,0.2564726,3.6066349,-1.0402257,1.4650705,1.2445604,2.1685898,0.0,2,0,0,0
2603677413,37.10267645030725,-76.38810567296835,38.548237,-0.0,0.21849199,3.6052704,-1.0499247,1.461551,1.2444597,2.1686215,0.0,2,0,0,0
2603881461,37.10267682142577,-76.38809755457876,38.754658,-0.0,0.18670025,3.6140304,-1.0875256,1.4577137,1.2447062,2.1687331,0.0,2,0,0,0
2604081260,37.10267707914856,-76.38808956867972,38.968517,-0.0,0.11065085,3.6266034,-1.1400615,1.4546473,1.2446573,2.16861,0.0,2,0,0,0
2604285395,37.10267718428668,-76.38808139834318,39.200108,-0.0,0.06097313,3.6479056,-1.1769799,1.4529732,1.244587,2.1686575,0.0,2,0,0,0
2604485110,37.10267715075974,-76.38807328410506,39.418995,-0.0,0.02613237,3.6965415,-1.16395,1.4533739,1.2445105,2.1687038,0.0,2,0,0,0
2604689218,37.102677101234875,-76.3880648684228,39.64098,-0.0,0.050879337,3.7298446,-1.1686573,1.4546598,1.2446969,2.16864,0.0,2,0,0,0
2604893193,37.102677163684454,-76.38805642245218,39.86702,-0.0,0.12907171,3.746211,-1.2230319,1.4571142,1.2445406,2.1686885,0.0,2,0,0,0
2605097355,37.10267741471755,-76.38804802946487,40.089817,-0.0,0.23095503,3.7419102,-1.2201228,1.4593467,1.244737,2.1686277,0.0,2,0,0,0
2605297346,37.10267785543426,-76.38803975381032,40.30674,-0.0,0.31966898,3.7620616,-1.2011861,1.4585711,1.2446895,2.1686792,0.0,2,0,0,0
2605501371,37.102678428411046,-76.38803126135562,40.535557,-0.0,0.39300063,3.7449865,-1.1784072,1.4606524,1.2446916,2.1687322,0.0,2,0,0,0
2605705218,37.10267907704886,-76.38802273758209,40.744976,-0.0,0.4213203,3.7377946,-1.0595251,1.4588099,1.2449743,2.1686673,0.0,2,0,0,0
2605909299,37.10267978402614,-76.3880142709283,40.927586,-0.0,0.44569555,3.7207682,-0.841217,1.4581819,1.244896,2.1687157,0.0,2,0,0,0
2606109342,37.102680513720756,-76.3880060042041,41.061424,-0.0,0.48619214,3.7318103,-0.6901945,1.4594256,1.244887,2.1687603,0.0,2,0,0,0
2606309352,37.10268129542277,-76.38799772267987,41.17618,-0.0,0.5269733,3.7402391,-0.57207865,1.4605068,1.2449119,2.1688051,0.0,2,0,0,0
2606513362,37.10268221360431,-76.38798922022573,41.270588,-0.0,0.5779813,3.7582293,-0.47306326,1.4607587,1.2451622,2.1687386,0.0,2,0,0,0
2606717361,37.102683269367795,-76.38798062657307,41.33991,-0.0,0.6525468,3.7682493,-0.36680698,1.4608148,1.2451391,2.1687808,0.0,2,0,0,0
2606921377,37.10268442084993,-76.38797191763611,41.397602,-0.0,0.73303807,3.8183067,-0.2472501,1.4548919,1.2453974,2.1687107,0.0,2,0,0,0
2607123021,37.10268566775505,-76.38796321901694,41.44203,-0.0,0.81311584,3.8815615,-0.142015,1.4419612,1.2453977,2.1687555,0.0,2,0,0,0
2607326962,37.1026870461829,-76.38795431632961,41.474094,-0.0,0.8401065,3.8894544,-0.03364247,1.4250425,1.245415,2.1688137,0.0,2,0,0,0
2607526945,37.102688383156135,-76.38794556126983,41.486916,-0.0,0.79947394,3.8519194,0.057886656,1.4069815,1.245422,2.1686847,0.0,2,0,0,0
2607731073,37.10268965925962,-76.38793677902808,41.48145,-0.0,0.7249108,3.7735481,0.13281244,1.3845658,1.2457072,2.1687956,0.0,2,0,0,0
2607934797,37.10269076507495,-76.38792825694699,41.439503,-0.0,0.6228499,3.6896303,0.30217606,1.3553661,1.2456348,2.168669,0.0,2,0,0,0
2608134790,37.10269168437849,-76.3879200851858,41.373512,-0.0,0.5541396,3.5972934,0.43836805,1.3233193,1.2456704,2.1687188,0.0,2,0,0,0
2608338972,37.10269248488947,-76.38791198087783,41.275936,-0.0,0.48136786,3.4963152,0.5782674,1.2976843,1.2459371,2.1688263,0.0,2,0,0,0
2608538959,37.102693204349414,-76.38790430293334,41.151432,-0.0,0.38667318,3.3970616,0.7090012,1.2804112,1.2459768,2.1686966,0.0,2,0,0,0
2608743027,37.1026937794332,-76.38789670139062,40.99499,-0.0,0.29178235,3.3166304,0.7514632,1.2748455,1.2460111,2.168744,0.0,2,0,0,0
2608946994,37.10269427882686,-76.38788930322436,40.832233,-0.0,0.20946316,3.2184703,0.79172444,1.277394,1.2462229,2.1688507,0.0,2,0,0,0
2609147035,37.10269466268163,-76.38788228909746,40.668846,-0.0,0.14605208,3.033197,0.8227224,1.2828507,1.2462867,2.1687179,0.0,2,0,0,0
2609346942,37.10269488325988,-76.38787565040985,40.504566,-0.0,0.07163525,2.800505,0.8043658,1.288497,1.2463692,2.1687636,0.0,2,0,0,0
2609550983,37.10269492118829,-76.38786941813309,40.33926,-0.0,-0.002941411,2.551803,0.7340588,1.2925158,1.2464536,2.1688108,0.0,2,0,0,0
2609754978,37.10269480997836,-76.38786366487363,40.19762,-0.0,-0.059671767,2.33901,0.63068724,1.2940683,1.2468212,2.1687458,0.0,2,0,0,0
2609958949,37.10269466249706,-76.38785835896635,40.075745,-0.0,-0.09718074,2.140752,0.5515253,1.2897979,1.2469192,2.1687899,0.0,2,0,0,0
2610158884,37.102694456574845,-76.38785352587709,39.96481,-0.0,-0.14735964,1.9502778,0.5264835,1.2805799,1.2470362,2.1688352,0.0,2,0,0,0
2610363012,37.10269417433307,-76.38784902727247,39.859135,-0.0,-0.20977162,1.8151364,0.47542626,1.2750628,1.2474371,2.168769,0.0,2,0,0,0
2610567075,37.102693784836866,-76.38784488793063,39.769558,-0.0,-0.269236,1.6723473,0.38539368,1.2718248,1.2475111,2.1688151,0.0,2,0,0,0
2610768534,37.102693246839046,-76.38784104384848,39.68974,-0.0,-0.344331,1.5308045,0.35073566,1.271703,1.2479291,2.1687453,0.0,2,0,0,0
2610972592,37.10269248049461,-76.38783757865076,39.61634,-0.0,-0.4038076,1.3734972,0.3205009,1.2699484,1.2478647,2.1687734,0.0,2,0,0,0
2611176557,37.102691666923086,-76.3878344623889,39.55154,-0.0,-0.4742056,1.2684287,0.28336218,1.2641704,1.2482487,2.1688855,0.0,2,0,0,0
2611376561,37.102690813996034,-76.38783164688627,39.492283,-0.0,-0.5118349,1.1641091,0.29038283,1.2628142,1.2483472,2.1687524,0.0,2,0,0,0
2611576605,37.10268984414029,-76.38782895871321,39.417763,-0.0,-0.54503757,1.107348,0.4073895,1.2622653,1.241744,2.1686797,0.0,2,0,0,0
2611776700,37.10268881053444,-76.38782649662777,39.32729,-0.0,-0.57314503,1.046415,0.41853073,1.261893,1.241847,2.1687267,0.0,2,0,0,0
2611980420,37.10268770878845,-76.38782406138738,39.22019,-0.0,-0.58860815,0.9904849,0.59653884,1.2627627,1.2419072,2.168772,0.0,2,0,0,0
2612184529,37.102686601979094,-76.38782177308462,39.070393,-0.0,-0.5994774,0.9084998,0.8147355,1.2625015,1.2421927,2.1687036,0.0,2,0,0,0
2612388543,37.10268548983132,-76.38781984575928,38.89102,-0.0,-0.61596227,0.80511826,0.97106,1.2613188,1.2421952,2.168749,0.0,2,0,0,0
2612588699,37.10268438764517,-76.3878182625488,38.694145,-0.0,-0.6440965,0.6638365,1.1041645,1.2582424,1.2421595,2.1686223,0.0,2,0,0,0
2612792710,37.10268311629208,-76.38781685415888,38.46598,-0.0,-0.6886304,0.5462981,1.2872385,1.2561228,1.2423434,2.1687331,0.0,2,0,0,0
2612992571,37.102681717584176,-76.3878156529339,38.20558,-0.0,-0.7880496,0.45863467,1.4475948,1.2545742,1.2422786,2.1686082,0.0,2,0,0,0
2613196543,37.102680124596866,-76.3878146210251,37.920425,-0.0,-0.91288185,0.36688802,1.5314972,1.2564743,1.2421892,2.1686573,0.0,2,0,0,0
2613396604,37.10267838693292,-76.38781387439643,37.615257,-0.0,-0.99603057,0.24081379,1.6481898,1.2654028,1.2420634,2.1687038,0.0,2,0,0,0
2613600539,37.102676493031424,-76.3878134209632,37.271908,-0.0,-1.0330015,0.068068855,1.7457318,1.2749205,1.2421856,2.1686401,0.0,2,0,0,0
2613800510,37.10267461327967,-76.38781338425287,36.918823,-0.0,-1.0399457,-0.08687195,1.8051555,1.2785065,1.2419703,2.1686888,0.0,2,0,0,0
2614004380,37.102672677583875,-76.3878136083852,36.5572,-0.0,-1.0635206,-0.23318118,1.8331003,1.2768233,1.2418773,2.1687396,0.0,2,0,0,0
2614204714,37.102670811919026,-76.38781414393782,36.195877,-0.0,-1.0471988,-0.3972142,1.8496974,1.2731805,1.2418,2.1686172,0.0,2,0,0,0
2614406179,37.10266895229136,-76.38781512030175,35.811317,-0.0,-1.0302268,-0.5664326,1.8879254,1.2684197,1.241922,2.1687117,0.0,2,0,0,0
2614606053,37.102667111667415,-76.38781650375294,35.422638,-0.0,-1.0461131,-0.7280331,1.9403249,1.2609276,1.2418991,2.1687596,0.0,2,0,0,0
2614810016,37.10266525504028,-76.3878183689664,35.036507,-0.0,-1.0189041,-0.8844107,1.9131374,1.2528108,1.2418954,2.1688042,0.0,2,0,0,0
2615010189,37.10266346177319,-76.3878205924001,34.64841,-0.0,-1.0312994,-1.0167226,1.9642818,1.2400091,1.2418959,2.1686747,0.0,2,0,0,0
2615214257,37.10266168054606,-76.38782323599774,34.241943,-0.0,-1.0299904,-1.159625,2.0489836,1.2247404,1.2421608,2.1687849,0.0,2,0,0,0
2615418021,37.10265989823309,-76.38782620375191,33.831997,-0.0,-1.038363,-1.2797447,2.028173,1.2063608,1.2421786,2.1688335,0.0,2,0,0,0
2615618013,37.10265814362949,-76.38782936076773,33.466873,-0.0,-1.0285709,-1.3408151,1.87851,1.1941426,1.2422069,2.1687005,0.0,2,0,0,0
2615818154,37.10265637352157,-76.38783257869268,33.118156,-0.0,-1.0721135,-1.3234487,1.7617718,1.1884135,1.242253,2.1687455,0.0,2,0,0,0
2616018010,37.10265455411081,-76.38783567652415,32.79342,-0.0,-1.0935355,-1.2395215,1.6227026,1.1871121,1.2423146,2.1687922,0.0,2,0,0,0
2616222275,37.102652621932464,-76.38783870966836,32.49248,-0.0,-1.1061506,-1.1899574,1.5131274,1.1886674,1.2426467,2.1687276,0.0,2,0,0,0
2616426144,37.10265065247608,-76.38784163304182,32.203205,-0.0,-1.0943247,-1.1317611,1.4064215,1.1911585,1.2427232,2.1687768,0.0,2,0,0,0
2616626187,37.10264875445503,-76.38784434925363,31.930185,-0.0,-1.0897716,-1.0622944,1.3535206,1.1962008,1.2427969,2.1686523,0.0,2,0,0,0
2616826003,37.10264688918784,-76.38784683008858,31.689808,-0.0,-1.0784382,-0.9209853,1.221249,1.196934,1.2428797,2.1687,0.0,2,0,0,0
2617030113,37.10264498677302,-76.38784901567472,31.474783,-0.0,-1.0526114,-0.7515247,1.1492163,1.1951307,1.2432175,2.1688087,0.0,2,0,0,0
2617234107,37.10264317707136,-76.38785074082924,31.263575,-0.0,-0.93100655,-0.5536451,1.0409892,1.1965382,1.2433057,2.1686804,0.0,2,0,0,0
2617438181,37.10264159086058,-76.38785205234426,31.051952,-0.0,-0.83243966,-0.36705983,1.1236645,1.1968901,1.2436318,2.1687915,0.0,2,0,0,0
2617638107,37.10264026890088,-76.38785306308723,30.84194,-0.0,-0.7194418,-0.23650336,1.2208519,1.198277,1.2436999,2.1686656,0.0,2,0,0,0
2617838100,37.10263910752184,-76.38785386907233,30.60686,-0.0,-0.64751816,-0.19561139,1.3862373,1.2006209,1.2437966,2.1687164,0.0,2,0,0,0
2618039574,37.10263803648486,-76.38785457078527,30.333162,-0.0,-0.6065908,-0.1833925,1.608996,1.204791,1.243912,2.1687744,0.0,2,0,0,0
2618243754,37.10263703661657,-76.38785527455875,30.01739,-0.0,-0.512167,-0.19049643,1.6446586,1.2059793,1.2440109,2.1688268,0.0,2,0,0,0
2618443729,37.10263617200083,-76.38785596662446,29.691383,-0.0,-0.44292918,-0.1546501,1.7550372,1.2045631,1.2440454,2.1686969,0.0,2,0,0,0
2618647762,37.102635470699525,-76.38785662771033,29.314787,-0.0,-0.37994033,-0.11529614,1.8943174,1.2034117,1.2444025,2.1688082,0.0,2,0,0,0
2618851796,37.10263488353081,-76.38785715905816,28.925264,-0.0,-0.32602632,-0.06467556,1.9902679,1.2058612,1.2444588,2.168682,0.0,2,0,0,0
2619055734,37.102634389980736,-76.38785759473653,28.524096,-0.0,-0.22818239,-0.054762598,2.0383492,1.2123623,1.2447783,2.1687913,0.0,2,0,0,0
2619255745,37.102634054186325,-76.38785796777682,28.145369,-0.0,-0.115600035,-0.040561467,1.9084235,1.2133452,1.2448335,2.1688368,0.0,2,0,0,0
2619459703,37.10263381962698,-76.38785825650302,27.7787,-0.0,-0.09221124,-0.00984686,1.8477925,1.2071104,1.2449064,2.1687076,0.0,2,0,0,0
2619663614,37.10263364280311,-76.38785848603807,27.419851,-0.0,-0.07243357,-0.0050444566,1.7533817,1.1978835,1.245256,2.168819,0.0,2,0,0,0
2619867601,37.102633453801694,-76.38785874860886,27.067991,-0.0,-0.11181056,-0.062203288,1.7275203,1.1898838,1.2452366,2.1688647,0.0,2,0,0,0
2620067621,37.10263321845934,-76.38785920147804,26.721655,-0.0,-0.15419549,-0.15762873,1.6654415,1.1845655,1.2453538,2.1687324,0.0,2,0,0,0
2620271586,37.10263296648769,-76.3878599069287,26.37545,-0.0,-0.15291421,-0.30187815,1.5853055,1.1841058,1.2457037,2.1688411,0.0,2,0,0,0
2620471704,37.10263271298143,-76.38786086220702,26.049416,-0.0,-0.15235212,-0.4030345,1.5236067,1.1866723,1.2457858,2.168712,0.0,2,0,0,0
2620675704,37.1026324151789,-76.38786210069468,25.72338,-0.0,-0.20036387,-0.5261212,1.4456834,1.1899494,1.245858,2.1687603,0.0,2,0,0,0
2620875593,37.1026320154269,-76.38786358798347,25.412365,-0.0,-0.29383928,-0.6355507,1.4124455,1.1933029,1.245934,2.16881,0.0,2,0,0,0
2621079733,37.10263145406687,-76.38786533164738,25.10704,-0.0,-0.37712985,-0.7508832,1.36407,1.1971718,1.2462666,2.1687472,0.0,2,0,0,0
2621283701,37.10263077228192,-76.38786728522845,24.812725,-0.0,-0.44034502,-0.85688543,1.3204986,1.2010202,1.2463174,2.1687942,0.0,2,0,0,0
2621487609,37.10263001419082,-76.38786946868281,24.528599,-0.0,-0.48506328,-0.950756,1.3261656,1.2055703,1.2466353,2.1687264,0.0,2,0,0,0
2621689187,37.10262922073741,-76.3878718596406,24.26391,-0.0,-0.4666693,-1.0645546,1.2061515,1.2091484,1.2467262,2.1687863,0.0,2,0,0,0
2621893211,37.10262847672967,-76.3878745286405,24.006628,-0.0,-0.4544475,-1.1634586,1.1998311,1.2096994,1.2467618,2.168833,0.0,2,0,0,0
2622093327,37.102627796056005,-76.38787732117402,23.758642,-0.0,-0.4437354,-1.2054673,1.1554955,1.2099726,1.2467952,2.1687052,0.0,2,0,0,0
2622293196,37.10262703052485,-76.38788009857134,23.511599,-0.0,-0.5199783,-1.1810671,1.101458,1.2063981,1.2468207,2.1687522,0.0,2,0,0,0
2622497393,37.10262604273501,-76.38788274969113,23.261972,-0.0,-0.6616903,-1.0856102,1.0671729,1.2027739,1.2471181,2.168859,0.0,2,0,0,0
2622697345,37.10262482556448,-76.3878851805904,23.024902,-0.0,-0.7856773,-0.9953576,1.0506588,1.2016349,1.247125,2.1687272,0.0,2,0,0,0
2622901397,37.10262337682221,-76.38788751515068,22.772642,-0.0,-0.85607445,-0.9575445,1.1739166,1.2066698,1.2471167,2.1687737,0.0,2,0,0,0
2623101379,37.10262190344301,-76.38788971653975,22.505426,-0.0,-0.8139991,-0.95900023,1.2552503,1.2099383,1.2470884,2.1688213,0.0,2,0,0,0
2623301385,37.10262042244795,-76.38789192309089,22.215387,-0.0,-0.81362903,-0.97996783,1.3680388,1.2092917,1.2470373,2.1686938,0.0,2,0,0,0
2623505383,37.10261896339536,-76.38789422736937,21.889832,-0.0,-0.8055124,-1.0175483,1.5046109,1.2088766,1.2472613,2.1688066,0.0,2,0,0,0
2623709458,37.102617507656944,-76.38789663178505,21.541992,-0.0,-0.7586799,-1.0597038,1.5837955,1.2100455,1.2472186,2.1686816,0.0,2,0,0,0
2623913200,37.102616092026956,-76.3878991535416,21.164536,-0.0,-0.7317213,-1.1261516,1.6874192,1.2076168,1.2474495,2.1687965,0.0,2,0,0,0
2624113225,37.102614738339284,-76.38790173517052,20.789024,-0.0,-0.7295584,-1.1762064,1.7382417,1.2060354,1.2474148,2.1688437,0.0,2,0,0,0
2624313222,37.102613354548325,-76.38790433435092,20.406834,-0.0,-0.7829607,-1.1507374,1.7951864,1.2038825,1.2474135,2.1687143,0.0,2,0,0,0
2624517378,37.102611821555804,-76.38790685129628,20.013306,-0.0,-0.84481823,-1.0979695,1.8454407,1.2018685,1.2473456,2.168762,0.0,2,0,0,0
2624721350,37.10261020702848,-76.38790921442678,19.622742,-0.0,-0.8313722,-1.0677419,1.8338445,1.2035851,1.2475902,2.168698,0.0,2,0,0,0
2624925328,37.10260869068586,-76.3879115734222,19.236343,-0.0,-0.7476002,-1.0810556,1.7892389,1.206609,1.2475656,2.1687481,0.0,2,0,0,0
2625125281,37.10260741850181,-76.38791393205942,18.858522,-0.0,-0.6504823,-1.1085885,1.7022215,1.2098223,1.2475495,2.1687994,0.0,2,0,0,0
2625327010,37.10260615708956,-76.38791628071664,18.480547,-0.0,-0.6304681,-1.1110824,1.7208534,1.2104278,1.2477102,2.1687136,0.0,2,0,0,0
2625527026,37.102604815705305,-76.38791852648794,18.110985,-0.0,-0.7167722,-1.0471463,1.7139357,1.2043293,1.247722,2.1687698,0.0,2,0,0,0
2625727217,37.102603339903865,-76.3879206432237,17.738813,-0.0,-0.77547365,-0.96807873,1.6596426,1.1996398,1.2477448,2.1688192,0.0,2,0,0,0
2625930825,37.102601698436324,-76.38792274689246,17.364292,-0.0,-0.8681656,-0.9345189,1.6537656,1.1945288,1.2477705,2.1686933,0.0,2,0,0,0
2626134930,37.102599922162575,-76.38792487293631,17.00607,-0.0,-0.90172935,-0.97504824,1.6235826,1.1915028,1.2480773,2.168807,0.0,2,0,0,0
2626338960,37.10259805971752,-76.38792717586007,16.663061,-0.0,-0.95532274,-1.0599276,1.615107,1.1926799,1.248085,2.168852,0.0,2,0,0,0
2626538988,37.10259615041737,-76.38792968491127,16.340687,-0.0,-0.9786489,-1.1811682,1.5800633,1.1962072,1.248092,2.1687217,0.0,2,0,0,0
2626739001,37.102594228449696,-76.38793243553175,16.026257,-0.0,-0.9751183,-1.3149118,1.5433215,1.2004358,1.2481012,2.168769,0.0,2,0,0,0
2626943037,37.102592270643925,-76.38793552166625,15.722038,-0.0,-0.9596982,-1.4256833,1.5041881,1.2030737,1.2484272,2.1688752,0.0,2,0,0,0
2627143070,37.10259031450638,-76.38793873099364,15.436936,-0.0,-0.98444253,-1.5030867,1.4497832,1.2039442,1.2484689,2.1687417,0.0,2,0,0,0
2627347218,37.10258825187178,-76.3879421402577,15.157962,-0.0,-1.046283,-1.5536112,1.3738408,1.2032909,1.24851,2.1687865,0.0,2,0,0,0
2627547024,37.10258608438093,-76.38794558738017,14.893419,-0.0,-1.1533889,-1.5979184,1.2861701,1.2022445,1.248529,2.1688328,0.0,2,0,0,0
2627750939,37.102583769223884,-76.38794919452425,14.633519,-0.0,-1.2550877,-1.6458782,1.2329869,1.2028474,1.2488257,2.1687675,0.0,2,0,0,0
2627954817,37.102581338596266,-76.38795293691183,14.383011,-0.0,-1.2958874,-1.6829408,1.1700449,1.2031732,1.2487336,2.1688154,0.0,2,0,0,0
2628158942,37.10257877368045,-76.38795679871464,14.138815,-0.0,-1.3559228,-1.6945279,1.1869556,1.2035772,1.2490544,2.1687443,0.0,2,0,0,0
2628358901,37.102576247408074,-76.38796058859498,13.91401,-0.0,-1.3470833,-1.6718549,1.1104914,1.2052867,1.2490836,2.168789,0.0,2,0,0,0
2628563034,37.10257370276096,-76.38796428005926,13.705673,-0.0,-1.2959175,-1.5682176,0.97863585,1.2069099,1.2491288,2.1688287,0.0,2,0,0,0
2628766930,37.10257124615616,-76.38796783421648,13.528556,-0.0,-1.2352928,-1.4707978,0.865657,1.2085698,1.2494663,2.168756,0.0,2,0,0,0
2628968514,37.102568976732066,-76.38797105285093,13.381233,-0.0,-1.1212083,-1.3560201,0.7179617,1.2101859,1.2495301,2.1687994,0.0,2,0,0,0
2629172549,37.102566975287274,-76.38797413107122,13.256115,-0.0,-1.024676,-1.2889445,0.54521686,1.2099526,1.249664,2.168856,0.0,2,0,0,0
2629376633,37.10256511502634,-76.38797709675782,13.155731,-0.0,-0.9693445,-1.2766207,0.40320173,1.2091868,1.2432395,2.1686673,0.0,2,0,0,0
2629576592,37.102563345297625,-76.38797999877795,13.077082,-0.0,-0.9253063,-1.2815181,0.3814259,1.2074921,1.243297,2.1687067,0.0,2,0,0,0
2629776637,37.1025616071986,-76.38798288014927,12.993057,-0.0,-0.9147876,-1.2702862,0.42547226,1.2048984,1.2433624,2.1687481,0.0,2,0,0,0
2629980519,37.10255990632314,-76.38798579455337,12.877834,-0.0,-0.90545356,-1.2036785,0.5633871,1.2034682,1.2434158,2.168618,0.0,2,0,0,0
2630184583,37.102558280796686,-76.3879885713072,12.744099,-0.0,-0.8549061,-1.0990924,0.6551386,1.2023944,1.2437162,2.168719,0.0,2,0,0,0
2630384377,37.102556628485964,-76.38799112266722,12.595713,-0.0,-0.8224096,-1.0201079,0.76800525,1.1994425,1.2437173,2.1687593,0.0,2,0,0,0
2630584553,37.10255511821597,-76.3879935380938,12.406986,-0.0,-0.7103095,-0.9453141,0.8521292,1.197634,1.2437536,2.1686277,0.0,2,0,0,0
2630788522,37.102553807840856,-76.3879957171022,12.193395,-0.0,-0.632783,-0.8488463,0.95033544,1.1939899,1.2505928,2.1687896,0.0,2,0,0,0
2630992725,37.10255268425582,-76.38799766554317,11.980122,-0.0,-0.5155112,-0.764832,0.98325145,1.1917088,1.2439824,2.1686058,0.0,2,0,0,0
2631196603,37.1025517818534,-76.38799939408231,11.760466,-0.0,-0.45480287,-0.69428265,1.0333583,1.1881821,1.2440137,2.168653,0.0,2,0,0,0
2631396524,37.10255092172757,-76.3880009536587,11.544205,-0.0,-0.43686405,-0.6769491,1.048883,1.1886028,1.2440242,2.1687014,0.0,2,0,0,0
2631600538,37.10255001173938,-76.3880025700168,11.33262,-0.0,-0.44758323,-0.675276,1.0443375,1.1928128,1.2443223,2.1686404,0.0,2,0,0,0
2631804416,37.10254901989395,-76.3880041254711,11.101925,-0.0,-0.54242027,-0.6667739,1.1742463,1.1937689,1.2443599,2.1686902,0.0,2,0,0,0
2632008551,37.102547933034685,-76.38800561795769,10.837109,-0.0,-0.58028823,-0.66633874,1.2140151,1.190942,1.2446417,2.1686246,0.0,2,0,0,0
2632212522,37.102546830996296,-76.38800715139475,10.55273,-0.0,-0.5955552,-0.68419135,1.3149835,1.188449,1.2446593,2.1686714,0.0,2,0,0,0
2632412581,37.102545770865916,-76.38800876328757,10.26206,-0.0,-0.5777003,-0.7626983,1.3471235,1.1908925,1.2446711,2.168716,0.0,2,0,0,0
2632614168,37.102544668441986,-76.38801055068124,9.971109,-0.0,-0.60187477,-0.8769912,1.4373248,1.192354,1.244933,2.1686473,0.0,2,0,0,0
2632813982,37.102543527227525,-76.38801262059523,9.678005,-0.0,-0.6484621,-1.0236499,1.5031332,1.1947476,1.2447814,2.1686742,0.0,2,0,0,0
2633018135,37.10254228269749,-76.38801512169069,9.378699,-0.0,-0.713129,-1.1974223,1.520891,1.1974833,1.244753,2.1687224,0.0,2,0,0,0
2633222191,37.10254096834992,-76.38801799408978,9.083207,-0.0,-0.7558324,-1.3502257,1.4071002,1.195857,1.2450105,2.1686602,0.0,2,0,0,0
2633422217,37.102539634507345,-76.38802109911138,8.827158,-0.0,-0.8099897,-1.4565412,1.3258883,1.1954789,1.245018,2.1687107,0.0,2,0,0,0
2633622223,37.10253822314071,-76.38802444364106,8.59079,-0.0,-0.835019,-1.5580215,1.1851221,1.1981922,1.2450309,2.1685884,0.0,2,0,0,0
2633822009,37.10253675268547,-76.3880279075817,8.387859,-0.0,-0.84195364,-1.6392766,1.103127,1.2026861,1.2450514,2.1686335,0.0,2,0,0,0
2634025988,37.102535278152416,-76.3880315064154,8.203751,-0.0,-0.7958981,-1.6496351,0.9892042,1.2086345,1.2450663,2.1686802,0.0,2,0,0,0
2634230014,37.10253389257471,-76.38803507599428,8.062997,-0.0,-0.7427954,-1.5870221,0.82627213,1.2090043,1.2453609,2.1686168,0.0,2,0,0,0
2634434151,37.102532594096154,-76.38803851308401,7.9556274,-0.0,-0.6743452,-1.4901172,0.64663833,1.2038776,1.245413,2.1686656,0.0,2,0,0,0
2634634130,37.10253145475379,-76.38804163564397,7.8653994,-0.0,-0.60316133,-1.404813,0.5908234,1.2003846,1.2454572,2.1687143,0.0,2,0,0,0
2634834004,37.10253046960904,-76.38804448806528,7.7704926,-0.0,-0.5539664,-1.3387586,0.57074946,1.1981592,1.2455021,2.1687589,0.0,2,0,0,0
2635037978,37.102529480410226,-76.38804717427932,7.6767507,-0.0,-0.56708235,-1.3100893,0.49540088,1.2001288,1.2458091,2.168693,0.0,2,0,0,0
2635241984,37.102528392234404,-76.38804977584658,7.589198,-0.0,-0.6893743,-1.2767055,0.47406244,1.2015678,1.245834,2.1687405,0.0,2,0,0,0
2635445944,37.10252719458636,-76.38805236468758,7.514109,-0.0,-0.7852092,-1.2212336,0.42883244,1.2037313,1.2460938,2.1686773,0.0,2,0,0,0
2635646015,37.102525948908074,-76.38805491808735,7.4455347,-0.0,-0.7997445,-1.1606959,0.36629048,1.2086235,1.2461178,2.1687274,0.0,2,0,0,0
2635850025,37.10252463554317,-76.38805747045842,7.3722334,-0.0,-0.81772906,-1.106969,0.37708658,1.2098624,1.2460583,2.1686041,0.0,2,0,0,0
2636054104,37.10252326659666,-76.3880598752073,7.2820835,-0.0,-0.8341196,-1.0338167,0.42081288,1.2087361,1.2463455,2.1687179,0.0,2,0,0,0
2636254950,37.10252182395212,-76.38806205697388,7.182398,-0.0,-0.8960394,-0.9735311,0.5031412,1.2050567,1.2463882,2.1685975,0.0,2,0,0,0
2636455473,37.10252032112937,-76.3880641031625,7.0839467,-0.0,-0.95222276,-0.9182254,0.5732973,1.2008111,1.246443,2.1686628,0.0,2,0,0,0
2636655581,37.10251877294956,-76.38806603648398,6.9733615,-0.0,-0.9149383,-0.8738894,0.59602225,1.1994169,1.2464745,2.1687157,0.0,2,0,0,0
2636859595,37.10251718167897,-76.38806791543763,6.846378,-0.0,-0.8889799,-0.84309596,0.6672396,1.1989492,1.246508,2.1687653,0.0,2,0,0,0
2637059752,37.10251565627522,-76.38806975378205,6.712041,-0.0,-0.83573234,-0.8011155,0.6813555,1.2004738,1.2465461,2.168639,0.0,2,0,0,0
2637259729,37.10251425574693,-76.38807159831357,6.5587068,-0.0,-0.79709494,-0.76293045,0.7411903,1.2010534,1.2465869,2.1686883,0.0,2,0,0,0
2637463725,37.102512946126794,-76.38807333478803,6.4104834,-0.0,-0.7538803,-0.7345911,0.7956574,1.2028658,1.2468871,2.1686275,0.0,2,0,0,0
2637663718,37.102511671904594,-76.38807489335325,6.259544,-0.0,-0.7120257,-0.69122994,0.83360004,1.2053624,1.2468799,2.1686785,0.0,2,0,0,0
2637867592,37.102510477682706,-76.38807638962925,6.0957227,-0.0,-0.64445424,-0.646141,0.8770651,1.2045048,1.2469115,2.168731,0.0,2,0,0,0
2638067813,37.10250943327342,-76.38807778816842,5.930395,-0.0,-0.5919279,-0.62604874,0.92630583,1.1997626,1.2469299,2.1686103,0.0,2,0,0,0
2638267771,37.10250845469672,-76.38807914747487,5.763128,-0.0,-0.5484037,-0.5786466,0.88743603,1.1946285,1.2469285,2.168664,0.0,2,0,0,0
2638471625,37.10250751701,-76.38808041490046,5.595767,-0.0,-0.5015341,-0.52023333,0.85919595,1.1922365,1.2471942,2.1686072,0.0,2,0,0,0
2638675614,37.102506716374556,-76.3880816024839,5.435282,-0.0,-0.46972147,-0.48219374,0.8522606,1.1926942,1.2471907,2.168662,0.0,2,0,0,0
2638879741,37.10250600513935,-76.38808272708941,5.2819047,-0.0,-0.41218582,-0.4689893,0.78562325,1.1958154,1.2474935,2.168607,0.0,2,0,0,0
2639079710,37.102505378981874,-76.38808379112606,5.1247277,-0.0,-0.37010276,-0.4581561,0.7558811,1.1999955,1.2475225,2.1686628,0.0,2,0,0,0
2639283721,37.10250479231111,-76.388084856537,4.980541,-0.0,-0.33231992,-0.47466192,0.7489518,1.203495,1.2475654,2.1687145,0.0,2,0,0,0
2639487708,37.102504287289314,-76.38808591471704,4.841533,-0.0,-0.29051933,-0.4694838,0.6919575,1.20461,1.2478595,2.1686532,0.0,2,0,0,0
2639691739,37.10250385969756,-76.38808698803383,4.7219663,-0.0,-0.2679796,-0.47845212,0.6294593,1.2032962,1.2478778,2.1687047,0.0,2,0,0,0
2639891609,37.102503409425516,-76.3880879532999,4.6094885,-0.0,-0.27598864,-0.50154036,0.58760494,1.201176,1.2478597,2.1687565,0.0,2,0,0,0
2640097418,37.10250287373129,-76.38808894059397,4.504032,-0.0,-0.32602927,-0.5529733,0.52364105,1.2003343,1.2481827,2.1686978,0.0,2,0,0,0
2640297338,37.102502246924786,-76.38809008618573,4.397286,-0.0,-0.38004044,-0.6339855,0.50336796,1.2022125,1.2483214,2.1687632,0.0,2,0,0,0
2640501365,37.10250153628309,-76.38809150810606,4.281549,-0.0,-0.4578241,-0.74873793,0.46040097,1.2047921,1.248396,2.1686416,0.0,2,0,0,0
2640705319,37.10250078098208,-76.38809314922976,4.157566,-0.0,-0.5219816,-0.84055835,0.4224307,1.2056322,1.2487562,2.168758,0.0,2,0,0,0
2640909306,37.10249996966846,-76.38809506977752,4.0246754,-0.0,-0.5892739,-0.9481308,0.37018985,1.203511,1.2488749,2.16881,0.0,2,0,0,0
2641109225,37.10249903488871,-76.38809706603719,3.8820956,-0.0,-0.6720958,-0.9910664,0.3344085,1.2003905,1.2489529,2.168683,0.0,2,0,0,0
2641313344,37.10249782147662,-76.38809918412862,3.7512436,-0.0,-0.780669,-1.0300263,0.2994308,1.19634,1.249305,2.1687953,0.0,2,0,0,0
2641517396,37.1024963912875,-76.38810144951286,3.648139,-0.0,-0.86671084,-1.0307547,0.21393025,1.1926486,1.2493821,2.168671,0.0,2,0,0,0
2641721366,37.10249478033906,-76.38810374725367,3.5705328,-0.0,-0.9335826,-1.0529486,0.1328496,1.1904184,1.2497385,2.1687844,0.0,2,0,0,0
2641921349,37.10249309834369,-76.38810609283016,3.5120745,-0.0,-0.92982256,-1.0809135,0.025731286,1.1853244,1.2497792,2.1688306,0.0,2,0,0,0
2642125319,37.10249140036629,-76.38810857674147,3.478214,-0.0,-0.8937332,-1.1126713,-0.07331181,1.182555,1.249817,2.168702,0.0,2,0,0,0
2642329374,37.1024897930643,-76.38811116594674,3.4630573,-0.0,-0.8578368,-1.1309509,-0.13824925,1.1838858,1.2501571,2.1688135,0.0,2,0,0,0
2642529364,37.10248825667379,-76.388113760998,3.4664323,-0.0,-0.8291277,-1.1572973,-0.10882198,1.1878015,1.2501945,2.1686873,0.0,2,0,0,0
2642733316,37.102486714111436,-76.38811645343388,3.4639137,-0.0,-0.82110703,-1.1711997,-0.030949503,1.1915097,1.2502288,2.1687324,0.0,2,0,0,0
2642933331,37.102485246816784,-76.38811913210097,3.451479,-0.0,-0.81004936,-1.1651275,0.031035857,1.1929977,1.2502482,2.1687782,0.0,2,0,0,0
2643137404,37.10248375118454,-76.38812179769315,3.4299405,-0.0,-0.7916745,-1.1206397,0.11136344,1.1930394,1.250525,2.1687121,0.0,2,0,0,0
2643341342,37.102482298119284,-76.38812425543777,3.395159,-0.0,-0.73726124,-1.0170571,0.17006582,1.1914561,1.2505496,2.1687605,0.0,2,0,0,0
2643541464,37.10248095280057,-76.38812643031436,3.350521,-0.0,-0.69443655,-0.9052615,0.27682698,1.1901813,1.2505683,2.1688106,0.0,2,0,0,0
2643743052,37.10247973258906,-76.38812836808918,3.3105752,-0.0,-0.637168,-0.7761744,0.33501577,1.1917698,1.2508787,2.1687486,0.0,2,0,0,0
2643946940,37.10247853168339,-76.38813005603585,3.2824676,-0.0,-0.60555047,-0.69963115,0.38344958,1.1932467,1.2507801,2.1687818,0.0,2,0,0,0
2644147022,37.102477405729,-76.38813150791584,3.295697,-0.0,-0.56526875,-0.63187134,0.3404706,1.1933987,1.2507879,2.1686616,0.0,2,0,0,0
2644346972,37.102476351851294,-76.38813292950984,3.3341675,-0.0,-0.5321674,-0.62615323,0.29466426,1.1910205,1.2507663,2.1687102,0.0,2,0,0,0
2644551200,37.10247535924384,-76.38813432357131,3.3919415,-0.0,-0.51003283,-0.6099929,0.25554857,1.1919718,1.251026,2.168824,0.0,2,0,0,0
2644754965,37.10247444029418,-76.38813577440762,3.4588149,-0.0,-0.54001963,-0.6242043,0.23584989,1.1953242,1.2509953,2.1686985,0.0,2,0,0,0
2644958942,37.10247344758481,-76.38813719875108,3.5314136,-0.0,-0.58256483,-0.6071787,0.1547554,1.1962123,1.2512733,2.168813,0.0,2,0,0,0
2645158816,37.102472411436985,-76.38813843314571,3.6062245,-0.0,-0.57162166,-0.5400902,0.01567449,1.1949565,1.2512804,2.1688602,0.0,2,0,0,0
2645362967,37.1024714081503,-76.3881395405603,3.6625972,-0.0,-0.52930355,-0.45704833,-0.104655184,1.1945686,1.2512919,2.168731,0.0,2,0,0,0
2645566994,37.102470451888905,-76.38814039367178,3.7294483,-0.0,-0.4897547,-0.35615698,-0.1737268,1.1937292,1.2516061,2.1688435,0.0,2,0,0,0
2645770971,37.10246963902429,-76.38814113184122,3.809589,-0.0,-0.4109986,-0.31349465,-0.2659771,1.1945744,1.2516081,2.1687171,0.0,2,0,0,0
2645970806,37.10246891864921,-76.38814185555286,3.9143465,-0.0,-0.36988923,-0.31530616,-0.3039591,1.1904573,1.2516629,2.1687684,0.0,2,0,0,0
2646174908,37.10246819731192,-76.38814253212085,4.0189953,-0.0,-0.3382112,-0.29874662,-0.25816035,1.1901006,1.2451096,2.1685908,0.0,2,0,0,0
2646378928,37.10246759762136,-76.3881430999421,4.0884466,-0.0,-0.24455331,-0.20225795,-0.15630227,1.1931974,1.2520322,2.1687593,0.0,2,0,0,0
2646578962,37.10246719864954,-76.38814343581936,4.1379957,-0.0,-0.14112353,-0.08320028,-0.10070124,1.1929338,1.2451987,2.1686876,0.0,2,0,0,0
2646779009,37.102466964749645,-76.38814346817878,4.168635,-0.0,-0.058458176,0.016592544,-0.047964998,1.1906183,1.2452812,2.1687338,0.0,2,0,0,0
2646978786,37.10246683012536,-76.38814329440831,4.1912537,-0.0,-0.008720975,0.08734509,-0.06129415,1.1920847,1.2453754,2.1687765,0.0,2,0,0,0
2647183030,37.102466778451024,-76.3881430363253,4.193134,-0.0,0.050088275,0.10765949,-0.057808936,1.1990279,1.2457472,2.1687083,0.0,2,0,0,0
2647386965,37.10246689776119,-76.38814281918266,4.1803594,-0.0,0.12339495,0.09047565,-0.018900989,1.2045008,1.2458483,2.1687534,0.0,2,0,0,0
2647588572,37.10246707453319,-76.38814256177551,4.1491704,-0.0,0.13585353,0.11557553,-0.05695298,1.2063495,1.2459223,2.1687942,0.0,2,0,0,0
2647792600,37.10246723191947,-76.38814222900837,4.170421,-0.0,0.11747489,0.114105284,-0.13205312,1.2058,1.2462764,2.1687355,0.0,2,0,0,0
2647992546,37.10246735163724,-76.38814189349034,4.2062545,-0.0,0.08469315,0.12083087,-0.16053374,1.2017946,1.2463254,2.1687765,0.0,2,0,0,0
2648196597,37.10246743794064,-76.38814156038293,4.235607,-0.0,0.06799081,0.109496556,-0.22169372,1.2021534,1.2464103,2.1688147,0.0,2,0,0,0
2648396552,37.1024674972812,-76.38814128439996,4.267462,-0.0,0.039547455,0.10298643,-0.18752593,1.2023653,1.2464567,2.168679,0.0,2,0,0,0
2648600538,37.10246755724149,-76.38814107276637,4.2638955,-0.0,0.037028924,0.095850155,-0.098030046,1.2025969,1.2468001,2.1687837,0.0,2,0,0,0
2648804375,37.10246760684036,-76.38814083566885,4.238568,-0.0,0.030916186,0.115005024,-0.046274297,1.206173,1.2468661,2.168653,0.0,2,0,0,0
2649008418,37.10246766590537,-76.38814052802739,4.2155657,-0.0,0.028661408,0.1482193,-0.013437156,1.2102954,1.2472115,2.1687613,0.0,2,0,0,0
2649208621,37.10246776709772,-76.38814019388683,4.1909637,-0.0,0.06331843,0.15266535,0.03019838,1.2135704,1.2472631,2.1686344,0.0,2,0,0,0
2649412715,37.10246793532423,-76.38813984391335,4.1498747,-0.0,0.06953699,0.14172709,0.12652588,1.2117974,1.2472502,2.1686826,0.0,2,0,0,0
2649616517,37.10246805775128,-76.38813948189838,4.095356,-0.0,-0.10106776,0.11294322,-0.38717228,1.207358,1.247493,2.1686213,0.0,2,0,0,0
2649820560,37.102468071879365,-76.38813930399046,4.038108,-0.0,0.039267376,0.04688586,-0.09383695,1.2019653,1.2474778,2.1686714,0.0,2,0,0,0
2650020363,37.10246819273526,-76.38813914328247,3.9221458,-0.0,0.018986277,0.048867386,-0.06019335,1.2026346,1.2475104,2.168701,0.0,2,0,0,0
2650224603,37.10246826779244,-76.38813899186808,3.7784007,-0.0,0.017050063,0.030730382,0.004503057,1.2050778,1.2478356,2.1685922,0.0,2,0,0,0
2650428697,37.10246831876829,-76.38813889172802,3.6540093,-0.0,0.015315509,0.027553352,0.027714197,1.2053504,1.2479291,2.168574,0.0,2,0,0,0
2650632544,37.10246835169954,-76.38813880776233,3.5421953,-0.0,0.017264131,0.031121574,0.06038568,1.2054329,1.2483294,2.1684268,0.0,2,0,0,0
2650832577,37.10246836384176,-76.38813874272404,3.4484212,-0.0,0.010285353,0.035651647,0.07780357,1.2063377,1.2484937,2.1683862,0.0,2,0,0,0
2651036559,37.10246839173043,-76.38813867217907,3.3671339,-0.0,0.017406315,0.043736886,0.09248663,1.2104697,1.2486941,2.1683412,0.0,2,0,0,0
2651240378,37.10246845406198,-76.38813858029715,3.284663,-0.0,0.010085708,0.023113947,0.10728817,1.2070242,1.2492096,2.168192,0.0,2,0,0,0
2651441989,37.102468549567526,-76.38813847981056,3.2079742,-0.0,0.022022814,0.025483077,0.10871638,1.205956,1.249468,2.1681635,0.0,2,0,0,0
2651646166,37.10246865749121,-76.38813835695588,3.1385958,-0.0,0.02144494,0.02791248,0.12719354,1.2086036,1.2499721,2.1681845,0.0,2,0,0,0
2651850116,37.10246876376898,-76.38813825715694,3.0747771,-0.0,0.02552906,0.029222015,0.12883636,1.2069328,1.2502904,2.1681843,0.0,2,0,0,0
2652050129,37.10246885783412,-76.38813816974677,3.01665,-0.0,0.031919174,0.017738497,0.15464349,1.2059346,1.2506083,2.168045,0.0,2,0,0,0
2652250217,37.10246893179606,-76.38813809334937,2.966998,-0.0,0.03380948,0.033169206,0.14880392,1.2064304,1.2509012,2.168088,0.0,2,0,0,0
2652454014,37.10246899423061,-76.38813800353212,2.9240603,-0.0,0.025895413,0.017863326,0.15135983,1.2035269,1.2515433,2.1682084,0.0,2,0,0,0
2652657972,37.102469060747815,-76.3881379195646,2.882292,-0.0,0.029810222,0.022300456,0.15407178,1.2035162,1.2518333,2.168292,0.0,2,0,0,0
2652862010,37.10246910493165,-76.38813783835121,2.838595,-0.0,0.03189687,0.019185644,0.15674394,1.2066628,1.2523302,2.1682951,0.0,2,0,0,0
